Content,Ready,Level,Type,AP,ID (Hex),Region/Connections,Prerequisites,Gear Req,Is Prereq,Dep. Lvl.,Dependents
Explore: Pigman Barbeque,TRUE,1,Cave,Location,00 12 00 01,Emerald Trail,,,FALSE,,
Explore: Ancestor Grotto,TRUE,2,Cave,Location,00 12 00 02,"Coastal Trail, Ragni Countryside North",,,FALSE,,
Explore: Tidepool Terrace,TRUE,4,Cave,Location,00 12 00 03,Maltic Coast,,,FALSE,,
Explore: Spider Mother Grove,TRUE,4,Cave,Location,00 12 00 04,"Nivla Woods, Road to Time Valley",,,FALSE,,
Explore: Fungas Log,TRUE,5,Cave,Location,00 12 00 05,Arachnid Woods,,,FALSE,,
Explore: Derelict Mine,TRUE,6,Cave,Location,00 12 00 06,"Ragni Countryside South, Ragni Countryside North",,,FALSE,,
Explore: Crypt Excavation,TRUE,6,Cave,Location,00 12 00 07,Road to Elkurn,,,FALSE,,
Explore: Crab Fighters,TRUE,6,Cave,Location,00 12 00 08,Katoa Ranch,,,FALSE,,
Explore: Roots of Infestation,TRUE,7,Cave,Location,00 12 00 09,Nivla Woods,,,FALSE,,
Explore: Fire & Water,TRUE,7,Cave,Location,00 12 00 0a,Farmers Settlement,,,FALSE,,
Explore: Old Growth Rot,TRUE,7,Cave,Location,00 12 00 0b,Nivla Woods,,,FALSE,,
Explore: Hex Keep Gateway,TRUE,7,Cave,Location,00 12 00 0c,"Corrupted Orchard, Scorched Trail",,,FALSE,,
Explore: Corrupted Passageway,TRUE,9,Cave,Location,00 12 00 0d,Emerald Trail,,,FALSE,,
Explore: Detlas Salt Mine,TRUE,10,Cave,Location,00 12 00 0e,Corrupted Tower,,,FALSE,,
Explore: Raging Tower,TRUE,10,Cave,Location,00 12 00 0f,Corrupted Tower,,,FALSE,,
Explore: Winery Infestation,TRUE,11,Cave,Location,00 12 00 10,Corrupted Warfront,,,FALSE,,
Explore: Hill Hovel,TRUE,11,Cave,Location,00 12 00 11,Corrupted Orchard,,,FALSE,,
Explore: Spore Spiral,TRUE,12,Cave,Location,00 12 00 12,Black Road,,,FALSE,,
Explore: Willow Crypt,TRUE,16,Cave,Location,00 12 00 13,Savannah Plains,,,FALSE,,
Explore: Mossy Grotto,TRUE,16,Cave,Location,00 12 00 14,"Road to Time Valley, *Abandoned Farm",,,FALSE,,
Explore: Cave Springs,TRUE,17,Cave,Location,00 12 00 15,Scorched Trail,,,FALSE,,
Explore: Sunken Ship,TRUE,18,Cave,Location,00 12 00 16,Nemract,,,FALSE,,
Explore: Pirate Hold,TRUE,18,Cave,Location,00 12 00 17,Cathedral Harbour,,,FALSE,,
Explore: Captain's Quarters,TRUE,19,Cave,Location,00 12 00 18,"Cathedral Harbour, Savannah Plains",,,FALSE,,
Explore: Lovers' Cavern,TRUE,20,Cave,Location,00 12 00 19,Cathedral Harbour,,,FALSE,,
Explore: Muddy Cavern,TRUE,20,Cave,Location,00 12 00 1a,Mount Wynn Inn,,,FALSE,,
Explore: Lower Abandoned Mines,TRUE,22,Cave,Location,00 12 00 1b,"Mining Base Camp, Abandoned Mines",,,FALSE,,
Explore: Corrupt Time Warp,TRUE,22,Cave,Location,00 12 00 1c,"Tempo Town, Road to Time Valley",,,FALSE,,
Explore: The Sacrificial Altar,TRUE,22,Cave,Location,00 12 00 1d,Sanctuary Bridge,,,FALSE,,
Explore: Vortex Complex,TRUE,22,Cave,Location,00 12 00 1e,"Tempo Town, Elkurn",,,FALSE,,
Explore: Boar Burrow,TRUE,23,Cave,Location,00 12 00 1f,Rocky Shore,,,FALSE,,
Explore: Lake Pit,TRUE,24,Cave,Location,00 12 00 20,"Plains Lake, Mine Base Plains",,,FALSE,,
Explore: Termite Mounds,TRUE,24,Cave,Location,00 12 00 21,"Lava Springs, Ternaves Tunnel",,,FALSE,,
Explore: Dead Man's Dugout,TRUE,25,Cave,Location,00 12 00 c6,Half Moon Island,,,FALSE,,
Explore: Time Valley Aquifer,TRUE,26,Cave,Location,00 12 00 22,"Tempo Town, Time Valley",,,FALSE,,
Explore: The Alcazar,TRUE,27,Cave,Location,00 12 00 23,"Time Valley, Abandoned Lumberyard",,,FALSE,,
Explore: Lush Grotto,TRUE,28,Cave,Location,00 12 00 24,Mage Island,,,FALSE,,
Explore: Corruption Mines,TRUE,28,Cave,Location,00 12 00 25,"Corrupted River, Roots of Corruption",,,FALSE,,
Explore: Treasure Tomb,TRUE,30,Cave,Location,00 12 00 26,Cascading Oasis,,,FALSE,,
Explore: Crystal Caverns,TRUE,30,Cave,Location,00 12 00 27,"Cascading Oasis, Gloopy Cave, Almuj",,,FALSE,,
Explore: Troll Tower,TRUE,30,Cave,Location,00 12 00 28,Mage Island,,,FALSE,,
Explore: Dust Bowl,TRUE,30,Cave,Location,00 12 00 29,Almuj Slums,,,FALSE,,
Explore: Blazing Oasis,TRUE,30,Cave,Location,00 12 00 2a,Abandoned Pass,,,FALSE,,
Explore: Lion's Lair,TRUE,30,Cave,Location,00 12 00 2b,Lion Lair,,,FALSE,,
Explore: Fallen Passage,TRUE,32,Cave,Location,00 12 00 2c,"Barren Sands, Invaded Barracks",,,FALSE,,
Explore: Wave Cult Temple,TRUE,32,Cave,Location,00 12 00 2d,Selchar,,,FALSE,,
Explore: Quicksand Carvers' Den,TRUE,34,Cave,Location,00 12 00 2e,Almuj,,,FALSE,,
Explore: Emerald Knives Hideout,TRUE,35,Cave,Location,00 12 00 2f,Eagle Tribe,,,FALSE,,
Explore: Shadow Spears Refuge,TRUE,35,Cave,Location,00 12 00 30,Sunrise Plateau,,,FALSE,,
Explore: Sundial Sanctum,TRUE,35,Cave,Location,00 12 00 31,"Ancient Excavation, Almuj Slums",,,FALSE,,
Explore: Gator Range,TRUE,37,Cave,Location,00 12 00 32,"Sunrise Plateau, Sunset Plateau",,,FALSE,,
Explore: Half Moon Island,TRUE,37,Cave,Location,00 12 00 33,Half Moon Island,,,FALSE,,
Explore: Gold Rush,TRUE,38,Cave,Location,00 12 00 34,Sunrise Plateau,,,FALSE,,
Explore: Crystalline Polynya,TRUE,39,Cave,Location,00 12 00 35,Mage Island,,,FALSE,,
Explore: Ice Doors,TRUE,41,Cave,Location,00 12 00 36,"Frosty Spikes, Abandoned Lumberyard",,,FALSE,,
Explore: Wolf Den,TRUE,43,Cave,Location,00 12 00 37,Wolves' Den,,,FALSE,,
Explore: Raiders' Hideout,TRUE,44,Cave,Location,00 12 00 38,Lusuco,,,FALSE,,
Explore: Holehold Orc Camp,TRUE,45,Cave,Location,00 12 00 39,Loamsprout Orc Camp,,,FALSE,,
Explore: Submerged Coal Mine,TRUE,45,Cave,Location,00 12 00 3a,Lusuco,,,FALSE,,
Explore: Raging Survivor,TRUE,45,Cave,Location,00 12 00 3b,"Icy Descent, Icy Vigil",,,FALSE,,
Explore: Headless Hollow,TRUE,45,Cave,Location,00 12 00 3c,Twain Lake,,,FALSE,,
Explore: Shineridge Orc Camp,TRUE,45,Cave,Location,00 12 00 3d,"Shineridge Orc Camp, Bucie Waterfall",,,FALSE,,
Explore: Breaking Ice,TRUE,46,Cave,Location,00 12 00 3e,Icy Vigil,,,FALSE,,
Explore: Sol Hive,TRUE,46,Cave,Location,00 12 00 3f,Brigand Outpost,,,FALSE,,
Explore: Secret Mine,TRUE,46,Cave,Location,00 12 00 40,Goblin Plains East,,,FALSE,,
Explore: Swamp Hill,TRUE,50,Cave,Location,00 12 00 41,"Maiden Tower, Witching Road",,,FALSE,,
Explore: Toads in a Hole,TRUE,50,Cave,Location,00 12 00 42,"Lizardman Camp, Bloody Trail",,,FALSE,,
Explore: Maddening Mud,TRUE,53,Cave,Location,00 12 00 43,"Lizardman Lake, Olux",,,FALSE,,
Explore: Thunder Grub Nest,TRUE,53,Cave,Location,00 12 00 44,"Apprentice Huts, Monte's Village",,,FALSE,,
Explore: Carnadile Den,TRUE,53,Cave,Location,00 12 00 45,Iboju Village,,,FALSE,,
Explore: Jungle Horrors,TRUE,54,Cave,Location,00 12 00 46,Monte's Village,,,FALSE,,
Explore: Rotten Altar,TRUE,54,Cave,Location,00 12 00 47,Monte's Village,,,FALSE,,
Explore: Skien's Prison Block,TRUE,55,Cave,Location,00 12 00 48,Skien's Island,,,FALSE,,
Explore: Lily Pad Parkour,TRUE,55,Cave,Location,00 12 00 49,"Swamp Mountain Arch, Sunspark Orc Camp, Mudspring Orc Camp, Floral Peaks",,,FALSE,,
Explore: Sink Hole,TRUE,55,Cave,Location,00 12 00 4a,Bloody Trail,,,FALSE,,
Explore: Sewer Herps,TRUE,57,Cave,Location,00 12 00 4b,"Maiden Tower, Floral Peaks",,,FALSE,,
Explore: Fire Swamp,TRUE,57,Cave,Location,00 12 00 4c,"Ogre Den, Floral Peaks, Mudspring Orc Camp, Collapsed Emerald Mine",,,FALSE,,
Explore: Volcanus Pit,TRUE,58,Cave,Location,00 12 00 4d,Volcanic Isles,,,FALSE,,
Explore: Naga Dugout,TRUE,58,Cave,Location,00 12 00 4e,Floral Peaks,,,FALSE,,
Explore: Trunk Garrison,TRUE,60,Cave,Location,00 12 00 4f,"Troms Lake, *Time Valley",,,FALSE,,
Explore: Subterranean Mine,TRUE,60,Cave,Location,00 12 00 50,Fountain of Youth,,,FALSE,,
Explore: Jade Well,TRUE,60,Cave,Location,00 12 00 51,Iboju Village,,,FALSE,,
Explore: Bird Sanctuary,TRUE,60,Cave,Location,00 12 00 52,Fountain of Youth,,,FALSE,,
Explore: Cultists Passage,TRUE,63,Cave,Location,00 12 00 53,Fleris Trail,,,FALSE,,
Explore: Jungle Fetish Camp,TRUE,64,Cave,Location,00 12 00 54,Iboju Village,,,FALSE,,
Explore: Fortress Catacombs,TRUE,64,Cave,Location,00 12 00 55,Mangled Lake,,,FALSE,,
Explore: Dullahan Gardens,TRUE,65,Cave,Location,00 12 00 56,Castle Dullahan,,,FALSE,,
Explore: Gargoyle Fortress,TRUE,65,Cave,Location,00 12 00 57,Entrance to Gavel,,,FALSE,,
Explore: Elemental Hollow,TRUE,66,Cave,Location,00 12 00 58,"Twisted Housing, Gelibord",,,FALSE,,
Explore: Jungle Labyrinth,TRUE,66,Cave,Location,00 12 00 59,Troms Lake,,,FALSE,,
Explore: Temple Entrance,TRUE,68,Cave,Location,00 12 00 5a,Entamis Village,,,FALSE,,
Explore: Earth Eaters,TRUE,68,Cave,Location,00 12 00 5b,"Orc Battlegrounds, Mangled Lake",,,FALSE,,
Explore: Nymph Towers,TRUE,69,Cave,Location,00 12 00 5c,Guardian of the Forest,,,FALSE,,
Explore: Recluse Nest,TRUE,70,Cave,Location,00 12 00 5d,"Path to Cinfras, Entrance to Cinfras, Chasm Chokepoint, Chasm Overlook",,,FALSE,,
Explore: Shroom Sleeper Dugout,TRUE,71,Cave,Location,00 12 00 5e,Aldorei Valley,,,FALSE,,
Explore: Bovine Bedrock,TRUE,71,Cave,Location,00 12 00 5f,Entrance to Cinfras,,,FALSE,,
Explore: Fallen Salient,TRUE,71,Cave,Location,00 12 00 60,Fountain of Youth,,,FALSE,,
Explore: Ledant Hill,TRUE,72,Cave,Location,00 12 00 61,Orc Battlegrounds,,,FALSE,,
Explore: Mesquis Tower,TRUE,72,Cave,Location,00 12 00 62,Mesquis Tower,,,FALSE,,
Explore: Weird Wilds,TRUE,72,Cave,Location,00 12 00 63,Light Peninsula,,,FALSE,,
Explore: Kander Crypt,TRUE,72,Cave,Location,00 12 00 64,Mushroom Hill,,,FALSE,,
Explore: The Heartwood,TRUE,72,Cave,Location,00 12 00 65,Entamis Village,,,FALSE,,
Explore: Basalt Basin,TRUE,72,Cave,Location,00 12 00 66,Entamis Village,,,FALSE,,
Explore: Flesh Mesh,TRUE,72,Cave,Location,00 12 00 67,Viscera Pits,,,FALSE,,
Explore: Mystifying Stump,TRUE,72,Cave,Location,00 12 00 68,"Path to Talor, Talor Cemetery, Old Crossroads",,,FALSE,,
Explore: Raiders' Rockhill,TRUE,73,Cave,Location,00 12 00 69,"Waterfall Cave, Big Mushroom Cave, Cinfras's Small Farm",,,FALSE,,
Explore: Visceral Remant,TRUE,74,Cave,Location,00 12 00 6a,Twisted Ridge,,,FALSE,,
Explore: Bandit Groundbreaking,TRUE,75,Cave,Location,00 12 00 6b,Mushroom Hill,,,FALSE,,
Explore: Shock Shrine,TRUE,75,Cave,Location,00 12 00 6c,Aldorei Springs,,,FALSE,,
Explore: Root Slingers' Rut,TRUE,75,Cave,Location,00 12 00 6d,Guild Hall,,,FALSE,,
Explore: Weirding Ring,TRUE,75,Cave,Location,00 12 00 6e,"Cinfras Outskirts, Fungal Grove",,,FALSE,,
Explore: Tree of Light,TRUE,79,Cave,Location,00 12 00 6f,Azure Frontier,Complete: The Realm of Light,,FALSE,,
Explore: Burning Bog,TRUE,79,Cave,Location,00 12 00 70,Cinfras Outskirts,,,FALSE,,
Explore: Gorgon Gorge,FALSE,80,Cave,Location,00 12 00 71,"Ranol's Farm, Cherry Blossom Grove",,,FALSE,,
Explore: Troll Burrows,FALSE,80,Cave,Location,00 12 00 72,Thesead,,,FALSE,,
Explore: Drone's Retreat,FALSE,80,Cave,Location,00 12 00 73,Colourful Mountaintop,,,FALSE,,
Explore: Voltaic Crag,FALSE,81,Cave,Location,00 12 00 74,Thesead Underpass,,,FALSE,,
Explore: Cave of the Seasons,FALSE,82,Cave,Location,00 12 00 75,"Field of Life, Otherworldly Monolith, Azure Frontier",Complete: The Realm of Light,,FALSE,,
Explore: Cyclonic Spirit Trap,FALSE,83,Cave,Location,00 12 00 76,Displaced Housing,,,FALSE,,
Explore: Seismic Bore Hole,FALSE,85,Cave,Location,00 12 00 77,Cliffside Passage South,,,FALSE,,
Explore: Demolition Derby,FALSE,85,Cave,Location,00 12 00 78,"Elephelk Trail, Kandon Farm, Kandon-Beda, Protector's Pathway",,,FALSE,,
Explore: Rocky Peril,FALSE,85,Cave,Location,00 12 00 79,"Harpy's Haunt North, Perilous Passage, Wayward Split",,,FALSE,,
Explore: Blaze Springs,FALSE,85,Cave,Location,00 12 00 7a,"Thesead Suburbs, Ranol's Farm",,,FALSE,,
Explore: Deserter's Camp,FALSE,85,Cave,Location,00 12 00 7b,"Canyon High Path, Path to the Dojo",,,FALSE,,
Explore: Guardians Cove,FALSE,85,Cave,Location,00 12 00 7c,,,,FALSE,,
Explore: Broodmother's Bestiary,FALSE,85,Cave,Location,00 12 00 7d,"Displaced Housing, Cherry Blossom Grove",,,FALSE,,
Explore: Watery Waterfall,FALSE,85,Cave,Location,00 12 00 7e,"Canyon High Path, Path to the Dojo",,,FALSE,,
Explore: Abyssal Shine,FALSE,87,Cave,Location,00 12 00 7f,"Entrance to Thesead, Thesead Underpass",,,FALSE,,
Explore: Natural Sanctuary,FALSE,87,Cave,Location,00 12 00 80,"Troll Tower, Wayward Split, Parasitic Slime Mine, Turncoat Turnabout",,,FALSE,,
Explore: Colossi Infection,FALSE,88,Cave,Location,00 12 00 81,"Fleris Cranny, Troll Tower",,,FALSE,,
Explore: Cyclopes' Shrine,FALSE,88,Cave,Location,00 12 00 82,Timeworn Arch,,,FALSE,,
Explore: Plasmatic Gouge,FALSE,89,Cave,Location,00 12 00 83,Bandit's Toll,,,FALSE,,
Explore: Chiseler's Cavern,FALSE,89,Cave,Location,00 12 00 84,"Cliffside Passage South, Old Coal Mine, Kandon Farm, Kandon Ridge",,,FALSE,,
Explore: Nest & Bones,FALSE,90,Cave,Location,00 12 00 85,,,,FALSE,,
Explore: The Warehouse,FALSE,90,Cave,Location,00 12 00 86,,,,FALSE,,
Explore: Corkus Quarry,FALSE,90,Cave,Location,00 12 00 87,,,,FALSE,,
Explore: Builder-Bot Central,FALSE,90,Cave,Location,00 12 00 88,,,,FALSE,,
Explore: Pirate Lattice,FALSE,90,Cave,Location,00 12 00 89,,,,FALSE,,
Explore: Junk Pit,FALSE,90,Cave,Location,00 12 00 8a,,,,FALSE,,
Explore: Pirate Sloop,FALSE,90,Cave,Location,00 12 00 8b,,,,FALSE,,
Explore: Geodesic,FALSE,90,Cave,Location,00 12 00 8c,,,,FALSE,,
Explore: Shadow Altar,FALSE,92,Cave,Location,00 12 00 8d,,,,FALSE,,
Explore: Azer Athenaeum,FALSE,92,Cave,Location,00 12 00 8e,,,,FALSE,,
Explore: Scarred Ingress,FALSE,93,Cave,Location,00 12 00 8f,"Wybel Island, Central Islands",,,FALSE,,
Explore: Dragon Delta,FALSE,93,Cave,Location,00 12 00 90,,,,FALSE,,
Explore: Scorched Earth,FALSE,94,Cave,Location,00 12 00 91,Dogun Ritual Site,,,FALSE,,
Explore: Cryovern Covert,FALSE,94,Cave,Location,00 12 00 92,,,,FALSE,,
Explore: Azurite Island,FALSE,94,Cave,Location,00 12 00 93,Snail Island,,,FALSE,,
Explore: Lamprophis Lair,FALSE,95,Cave,Location,00 12 00 94,Dragonling Nests,,,FALSE,,
Explore: Forgotten Excavation,FALSE,95,Cave,Location,00 12 00 95,Dragonling Nests,,,FALSE,,
Explore: Sky Shroom,FALSE,95,Cave,Location,00 12 00 96,Jofash Tunnel,,,FALSE,,
Explore: The Donjon,FALSE,95,Cave,Location,00 12 00 97,Sky Castle,,,FALSE,,
Explore: Steamworks,FALSE,95,Cave,Location,00 12 00 98,,,,FALSE,,
Explore: Cave of Doom,FALSE,95,Cave,Location,00 12 00 99,,,,FALSE,,
Explore: Dragonkin Nest,FALSE,95,Cave,Location,00 12 00 9a,"Freezing Heights, Dragonbone Graveyard",,,FALSE,,
Explore: Mycolite Mountain,FALSE,96,Cave,Location,00 12 00 9b,Ahmsord,,,FALSE,,
Explore: Windwalker Temple,FALSE,96,Cave,Location,00 12 00 9c,Angel Refuge,,,FALSE,,
Explore: Overgrown Rubble,FALSE,96,Cave,Location,00 12 00 9d,Old Coal Mine,,,FALSE,,
Explore: Ovine Spire,FALSE,96,Cave,Location,00 12 00 9e,Kandon Ridge,,,FALSE,,
Explore: Angel Falls,FALSE,97,Cave,Location,00 12 00 9f,Temple Island,,,FALSE,,
Explore: Avo Animation Totem,FALSE,98,Cave,Location,00 12 00 a0,,,,FALSE,,
Explore: The Gwanari,FALSE,100,Cave,Location,00 12 00 a1,,,,FALSE,,
Explore: The Place Condensed,FALSE,100,Cave,Location,00 12 00 a2,,,,FALSE,,
Explore: Spiteful Crossing,FALSE,100,Cave,Location,00 12 00 a3,,,,FALSE,,
Explore: Loot Symposium,FALSE,100,Cave,Location,00 12 00 a4,,,,FALSE,,
Explore: Blind Burrow,FALSE,100,Cave,Location,00 12 00 a5,,,,FALSE,,
Explore: The Place Conglomerated,FALSE,100,Cave,Location,00 12 00 a6,,,,FALSE,,
Explore: Haze Cave,FALSE,100,Cave,Location,00 12 00 a7,,,,FALSE,,
Explore: Caged Creatures,FALSE,100,Cave,Location,00 12 00 a8,,,,FALSE,,
Explore: Aquaculture Aquifer,FALSE,100,Cave,Location,00 12 00 a9,,,,FALSE,,
Explore: The Place Coalesced,FALSE,100,Cave,Location,00 12 00 aa,,,,FALSE,,
Explore: Eyeball Gauntlet,FALSE,100,Cave,Location,00 12 00 ab,,,,FALSE,,
Explore: The Lantern Keeper's Abode,FALSE,100,Cave,Location,00 12 00 ac,,,,FALSE,,
Explore: Statue Opening,FALSE,100,Cave,Location,00 12 00 ad,,,,FALSE,,
Explore: Electrifying Outpost,FALSE,104,Cave,Location,00 12 00 ae,Forts in Fall,,,FALSE,,
Explore: Ancient Arthropods,FALSE,104,Cave,Location,00 12 00 af,"The Frog Bog, Wellspring of Eternity",,,FALSE,,
Explore: Siltswimmer Den,FALSE,105,Cave,Location,00 12 00 b0,The Frog Bog,,,FALSE,,
Explore: Auburn Lumbermill,FALSE,107,Cave,Location,00 12 00 b1,The Lumbermill,,,FALSE,,
Explore: Water Tower,FALSE,109,Cave,Location,00 12 00 b2,Agricultural Sector,,,FALSE,,
Explore: The Flush,FALSE,110,Cave,Location,00 12 00 b3,Timasca,,,FALSE,,
Explore: Abandoned Steelworks,FALSE,110,Cave,Location,00 12 00 b4,Residence Sector,,,FALSE,,
Explore: Weapons Factory,FALSE,111,Cave,Location,00 12 00 b5,Water Processing Sector,,,FALSE,,
Explore: Freight Interchange,FALSE,112,Cave,Location,00 12 00 b6,Timasca,,,FALSE,,
Explore: Nesting Place,FALSE,113,Cave,Location,00 12 00 b7,Deforested Ecotone,,,FALSE,,
Explore: Entozoon Takeover,FALSE,114,Cave,Location,00 12 00 b8,"Aldwell, Fort Hegea",,,FALSE,,
Explore: Citadel Catacombs,FALSE,115,Cave,Location,00 12 00 b9,Contested District,,,FALSE,,
Explore: Tericen Stables,FALSE,116,Cave,Location,00 12 00 ba,"Fort Tericen, Feuding Houses",,,FALSE,,
Explore: Saltpetre Mine,FALSE,117,Cave,Location,00 12 00 bb,Hyloch,,,FALSE,,
Explore: Estalis Gallery,FALSE,117,Cave,Location,00 12 00 bc,Highlands Gate,,,FALSE,,
Explore: Krisa Manor,FALSE,118,Cave,Location,00 12 00 bd,"Citadel's Shadow, Fort Tericen",,,FALSE,,
Explore: Glacier Tunnels,FALSE,119,Cave,Location,00 12 00 be,Frosty Outpost,,,FALSE,,
Explore: Liftal Castle,FALSE,119,Cave,Location,00 12 00 bf,Citadel's Shadow,,,FALSE,,
Explore: Aelumia Weaveworks,FALSE,119,Cave,Location,00 12 00 c0,Contested District,,,FALSE,,
Explore: Theatre Royal,FALSE,119,Cave,Location,00 12 00 c1,University Campus,,,FALSE,,
Explore: The Barracks,FALSE,119,Cave,Location,00 12 00 c2,Royal Barracks,,,FALSE,,
Explore: Aelumia Metalmill,FALSE,119,Cave,Location,00 12 00 c3,Contested District,,,FALSE,,
Explore: Northern Outpost,FALSE,120,Cave,Location,00 12 00 c4,Frosty Outpost,,,FALSE,,
Explore: Aelumia Chemical Plant,FALSE,120,Cave,Location,00 12 00 c5,Contested District,,,FALSE,,
Complete: Decrepit Sewers,TRUE,8,Dungeon,Location,00 13 00 01,Katoa Ranch,,,FALSE,,
Complete: Infested Pit,TRUE,17,Dungeon,Location,00 13 00 02,Webbed Fracture,,,FALSE,,
Complete: Underworld Crypt,TRUE,23,Dungeon,Location,00 13 00 03,Ancient Nemract,,,FALSE,,
Complete: Timelost Sanctum,TRUE,27,Dungeon,Location,00 13 00 04,Sanctuary Bridge,,,FALSE,,
Complete: Sand-Swept Tomb,TRUE,36,Dungeon,Location,00 13 00 05,Accursed Dunes,,,FALSE,,
Complete: Ice Barrows,TRUE,45,Dungeon,Location,00 13 00 06,Wolves' Den,,,FALSE,,
Complete: Undergrowth Ruins,TRUE,54,Dungeon,Location,00 13 00 07,Troms Lake,,,FALSE,,
Complete: Galleon's Graveyard,TRUE,63,Dungeon,Location,00 13 00 08,Lost Atoll,,,FALSE,,
Complete: Corrupted Decrepit Sewers,TRUE,70,Dungeon,Location,00 13 00 09,The Forgery,,,FALSE,,
Complete: Corrupted Infested Pit,TRUE,74,Dungeon,Location,00 13 00 10,The Forgery,,,FALSE,,
Complete: Corrupted Lost Sanctuary,TRUE,78,Dungeon,Location,00 13 00 11,The Forgery,,,FALSE,,
Complete: Corrupted Underworld Crypt,FALSE,82,Dungeon,Location,00 13 00 12,The Forgery,,,FALSE,,
Complete: Corrupted Sand-Swept Tomb,FALSE,86,Dungeon,Location,00 13 00 13,The Forgery,,,FALSE,,
Complete: Fallen Factory,FALSE,90,Dungeon,Location,00 13 00 14,Fallen Factory,,,FALSE,,
Complete: Corrupted Ice Barrows,FALSE,90,Dungeon,Location,00 13 00 15,The Forgery,,,FALSE,,
Complete: Corrupted Undergrowth Ruins,FALSE,94,Dungeon,Location,00 13 00 16,The Forgery,,,FALSE,,
Complete: Corrupted Galleon's Graveyard,FALSE,98,Dungeon,Location,00 13 00 17,The Forgery,,,FALSE,,
Complete: Eldrich Outlook,FALSE,101,Dungeon,Location,00 13 00 18,Final Step,,,FALSE,,
Level Up: 2,TRUE,2,Level,Location,00 16 00 02,,,,FALSE,,
Level Up: 3,TRUE,3,Level,Location,00 16 00 03,,,,FALSE,,
Level Up: 4,TRUE,4,Level,Location,00 16 00 04,,,,FALSE,,
Level Up: 5,TRUE,5,Level,Location,00 16 00 05,,,,FALSE,,
Level Up: 6,TRUE,6,Level,Location,00 16 00 06,,,,FALSE,,
Level Up: 7,TRUE,7,Level,Location,00 16 00 07,,,,FALSE,,
Level Up: 8,TRUE,8,Level,Location,00 16 00 08,,,,FALSE,,
Level Up: 9,TRUE,9,Level,Location,00 16 00 09,,,,FALSE,,
Level Up: 10,TRUE,10,Level,Location,00 16 00 0a,,,,FALSE,,
Level Up: 11,TRUE,11,Level,Location,00 16 00 0b,,,,FALSE,,
Level Up: 12,TRUE,12,Level,Location,00 16 00 0c,,,,FALSE,,
Level Up: 13,TRUE,13,Level,Location,00 16 00 0d,,,,FALSE,,
Level Up: 14,TRUE,14,Level,Location,00 16 00 0e,,,,FALSE,,
Level Up: 15,TRUE,15,Level,Location,00 16 00 0f,,,,FALSE,,
Level Up: 16,TRUE,16,Level,Location,00 16 00 10,,,,FALSE,,
Level Up: 17,TRUE,17,Level,Location,00 16 00 11,,,,FALSE,,
Level Up: 18,TRUE,18,Level,Location,00 16 00 12,,,,FALSE,,
Level Up: 19,TRUE,19,Level,Location,00 16 00 13,,,,FALSE,,
Level Up: 20,TRUE,20,Level,Location,00 16 00 14,,,,FALSE,,
Level Up: 21,TRUE,21,Level,Location,00 16 00 15,,,,FALSE,,
Level Up: 22,TRUE,22,Level,Location,00 16 00 16,,,,FALSE,,
Level Up: 23,TRUE,23,Level,Location,00 16 00 17,,,,FALSE,,
Level Up: 24,TRUE,24,Level,Location,00 16 00 18,,,,FALSE,,
Level Up: 25,TRUE,25,Level,Location,00 16 00 19,,,,FALSE,,
Level Up: 26,TRUE,26,Level,Location,00 16 00 1a,,,,FALSE,,
Level Up: 27,TRUE,27,Level,Location,00 16 00 1b,,,,FALSE,,
Level Up: 28,TRUE,28,Level,Location,00 16 00 1c,,,,FALSE,,
Level Up: 29,TRUE,29,Level,Location,00 16 00 1d,,,,FALSE,,
Level Up: 30,TRUE,30,Level,Location,00 16 00 1e,,,,FALSE,,
Level Up: 31,TRUE,31,Level,Location,00 16 00 1f,,,,FALSE,,
Level Up: 32,TRUE,32,Level,Location,00 16 00 20,,,,FALSE,,
Level Up: 33,TRUE,33,Level,Location,00 16 00 21,,,,FALSE,,
Level Up: 34,TRUE,34,Level,Location,00 16 00 22,,,,FALSE,,
Level Up: 35,TRUE,35,Level,Location,00 16 00 23,,,,FALSE,,
Level Up: 36,TRUE,36,Level,Location,00 16 00 24,,,,FALSE,,
Level Up: 37,TRUE,37,Level,Location,00 16 00 25,,,,FALSE,,
Level Up: 38,TRUE,38,Level,Location,00 16 00 26,,,,FALSE,,
Level Up: 39,TRUE,39,Level,Location,00 16 00 27,,,,FALSE,,
Level Up: 40,TRUE,40,Level,Location,00 16 00 28,,,,FALSE,,
Level Up: 41,TRUE,41,Level,Location,00 16 00 29,,,,FALSE,,
Level Up: 42,TRUE,42,Level,Location,00 16 00 2a,,,,FALSE,,
Level Up: 43,TRUE,43,Level,Location,00 16 00 2b,,,,FALSE,,
Level Up: 44,TRUE,44,Level,Location,00 16 00 2c,,,,FALSE,,
Level Up: 45,TRUE,45,Level,Location,00 16 00 2d,,,,FALSE,,
Level Up: 46,TRUE,46,Level,Location,00 16 00 2e,,,,FALSE,,
Level Up: 47,TRUE,47,Level,Location,00 16 00 2f,,,,FALSE,,
Level Up: 48,TRUE,48,Level,Location,00 16 00 30,,,,FALSE,,
Level Up: 49,TRUE,49,Level,Location,00 16 00 31,,,,FALSE,,
Level Up: 50,TRUE,50,Level,Location,00 16 00 32,,,,FALSE,,
Level Up: 51,TRUE,51,Level,Location,00 16 00 33,,,,FALSE,,
Level Up: 52,TRUE,52,Level,Location,00 16 00 34,,,,FALSE,,
Level Up: 53,TRUE,53,Level,Location,00 16 00 35,,,,FALSE,,
Level Up: 54,TRUE,54,Level,Location,00 16 00 36,,,,FALSE,,
Level Up: 55,TRUE,55,Level,Location,00 16 00 37,,,,FALSE,,
Level Up: 56,TRUE,56,Level,Location,00 16 00 38,,,,FALSE,,
Level Up: 57,TRUE,57,Level,Location,00 16 00 39,,,,FALSE,,
Level Up: 58,TRUE,58,Level,Location,00 16 00 3a,,,,FALSE,,
Level Up: 59,TRUE,59,Level,Location,00 16 00 3b,,,,FALSE,,
Level Up: 60,TRUE,60,Level,Location,00 16 00 3c,,,,FALSE,,
Level Up: 61,TRUE,61,Level,Location,00 16 00 3d,,,,FALSE,,
Level Up: 62,TRUE,62,Level,Location,00 16 00 3e,,,,FALSE,,
Level Up: 63,TRUE,63,Level,Location,00 16 00 3f,,,,FALSE,,
Level Up: 64,TRUE,64,Level,Location,00 16 00 40,,,,FALSE,,
Level Up: 65,TRUE,65,Level,Location,00 16 00 41,,,,FALSE,,
Level Up: 66,TRUE,66,Level,Location,00 16 00 42,,,,FALSE,,
Level Up: 67,TRUE,67,Level,Location,00 16 00 43,,,,FALSE,,
Level Up: 68,TRUE,68,Level,Location,00 16 00 44,,,,FALSE,,
Level Up: 69,TRUE,69,Level,Location,00 16 00 45,,,,FALSE,,
Level Up: 70,TRUE,70,Level,Location,00 16 00 46,,,,FALSE,,
Level Up: 71,TRUE,71,Level,Location,00 16 00 47,,,,FALSE,,
Level Up: 72,TRUE,72,Level,Location,00 16 00 48,,,,FALSE,,
Level Up: 73,TRUE,73,Level,Location,00 16 00 49,,,,FALSE,,
Level Up: 74,TRUE,74,Level,Location,00 16 00 4a,,,,FALSE,,
Level Up: 75,TRUE,75,Level,Location,00 16 00 4b,,,,FALSE,,
Level Up: 76,TRUE,76,Level,Location,00 16 00 4c,,,,FALSE,,
Level Up: 77,TRUE,77,Level,Location,00 16 00 4d,,,,FALSE,,
Level Up: 78,TRUE,78,Level,Location,00 16 00 4e,,,,FALSE,,
Level Up: 79,TRUE,79,Level,Location,00 16 00 4f,,,,FALSE,,
Level Up: 80,FALSE,80,Level,Location,00 16 00 50,,,,FALSE,,
Level Up: 81,FALSE,81,Level,Location,00 16 00 51,,,,FALSE,,
Level Up: 82,FALSE,82,Level,Location,00 16 00 52,,,,FALSE,,
Level Up: 83,FALSE,83,Level,Location,00 16 00 53,,,,FALSE,,
Level Up: 84,FALSE,84,Level,Location,00 16 00 54,,,,FALSE,,
Level Up: 85,FALSE,85,Level,Location,00 16 00 55,,,,FALSE,,
Level Up: 86,FALSE,86,Level,Location,00 16 00 56,,,,FALSE,,
Level Up: 87,FALSE,87,Level,Location,00 16 00 57,,,,FALSE,,
Level Up: 88,FALSE,88,Level,Location,00 16 00 58,,,,FALSE,,
Level Up: 89,FALSE,89,Level,Location,00 16 00 59,,,,FALSE,,
Level Up: 90,FALSE,90,Level,Location,00 16 00 5a,,,,FALSE,,
Level Up: 91,FALSE,91,Level,Location,00 16 00 5b,,,,FALSE,,
Level Up: 92,FALSE,92,Level,Location,00 16 00 5c,,,,FALSE,,
Level Up: 93,FALSE,93,Level,Location,00 16 00 5d,,,,FALSE,,
Level Up: 94,FALSE,94,Level,Location,00 16 00 5e,,,,FALSE,,
Level Up: 95,FALSE,95,Level,Location,00 16 00 5f,,,,FALSE,,
Level Up: 96,FALSE,96,Level,Location,00 16 00 60,,,,FALSE,,
Level Up: 97,FALSE,97,Level,Location,00 16 00 61,,,,FALSE,,
Level Up: 98,FALSE,98,Level,Location,00 16 00 62,,,,FALSE,,
Level Up: 99,FALSE,99,Level,Location,00 16 00 63,,,,FALSE,,
Level Up: 100,FALSE,100,Level,Location,00 16 00 64,,,,FALSE,,
Level Up: 101,FALSE,101,Level,Location,00 16 00 65,,,,FALSE,,
Level Up: 102,FALSE,102,Level,Location,00 16 00 66,,,,FALSE,,
Level Up: 103,FALSE,103,Level,Location,00 16 00 67,,,,FALSE,,
Level Up: 104,FALSE,104,Level,Location,00 16 00 68,,,,FALSE,,
Level Up: 105,FALSE,105,Level,Location,00 16 00 69,,,,FALSE,,
Level Up: 106,FALSE,106,Level,Location,00 16 00 6a,,,,FALSE,,
Level Up: 107,FALSE,107,Level,Location,00 16 00 6b,,,,FALSE,,
Level Up: 108,FALSE,108,Level,Location,00 16 00 6c,,,,FALSE,,
Level Up: 109,FALSE,109,Level,Location,00 16 00 6d,,,,FALSE,,
Level Up: 110,FALSE,110,Level,Location,00 16 00 6e,,,,FALSE,,
Level Up: 111,FALSE,111,Level,Location,00 16 00 6f,,,,FALSE,,
Level Up: 112,FALSE,112,Level,Location,00 16 00 70,,,,FALSE,,
Level Up: 113,FALSE,113,Level,Location,00 16 00 71,,,,FALSE,,
Level Up: 114,FALSE,114,Level,Location,00 16 00 72,,,,FALSE,,
Level Up: 115,FALSE,115,Level,Location,00 16 00 73,,,,FALSE,,
Level Up: 116,FALSE,116,Level,Location,00 16 00 74,,,,FALSE,,
Level Up: 117,FALSE,117,Level,Location,00 16 00 75,,,,FALSE,,
Level Up: 118,FALSE,118,Level,Location,00 16 00 76,,,,FALSE,,
Level Up: 119,FALSE,119,Level,Location,00 16 00 77,,,,FALSE,,
Level Up: 120,FALSE,120,Level,Location,00 16 00 78,,,,FALSE,,
Complete: Slay Spiders,TRUE,4,Mini-Quest,Location,00 14 00 01,Nivla Woods,,,FALSE,,
Complete: Slay Mooshrooms,TRUE,15,Mini-Quest,Location,00 14 00 02,Essren's Hut,,,FALSE,,
Complete: Slay Skeletons,TRUE,25,Mini-Quest,Location,00 14 00 03,Scorched Trail,,,FALSE,,
Complete: Slay Scarabs,TRUE,30,Mini-Quest,Location,00 14 00 04,Almuj,,,FALSE,,
Complete: Slay Coyotes,TRUE,35,Mini-Quest,Location,00 14 00 05,Ruined Prospect,,,FALSE,,
Complete: Slay Creatures of Nesaak Forest,TRUE,40,Mini-Quest,Location,00 14 00 06,Wolves' Den,,,FALSE,,
Complete: Slay Orcs,TRUE,45,Mini-Quest,Location,00 14 00 07,Llevigar Gate,,,FALSE,,
Complete: Slay Slimes,TRUE,50,Mini-Quest,Location,00 14 00 08,Jungle Entrance,,,FALSE,,
Complete: Slay Lizardmen,TRUE,55,Mini-Quest,Location,00 14 00 09,Shady Shack,,,FALSE,,
Complete: Slay Wraiths & Phantasms,TRUE,60,Mini-Quest,Location,00 14 00 0a,Fading Forest,,,FALSE,,
Complete: Slay Idols,TRUE,65,Mini-Quest,Location,00 14 00 0b,Entamis Village,,,FALSE,,
Complete: Slay Dead Villagers,TRUE,70,Mini-Quest,Location,00 14 00 0c,Dreary Docks,,,FALSE,,
Complete: Slay Myconids,TRUE,73,Mini-Quest,Location,00 14 00 0d,Dodegar's Forge,,,FALSE,,
Complete: Slay Weirds,TRUE,75,Mini-Quest,Location,00 14 00 0e,Entrance to Cinfras,,,FALSE,,
Complete: Slay Felrocs,TRUE,78,Mini-Quest,Location,00 14 00 0f,Guild Hall,,,FALSE,,
Complete: Slay Hobgoblins,FALSE,80,Mini-Quest,Location,00 14 00 10,Path to the Dojo,,,FALSE,,
Complete: Slay Jinkos,FALSE,83,Mini-Quest,Location,00 14 00 11,Workshop Glade,,,FALSE,,
Complete: Slay Robots,FALSE,85,Mini-Quest,Location,00 14 00 12,Industrial Clearing,,,FALSE,,
Complete: Slay Ailuropodas,FALSE,88,Mini-Quest,Location,00 14 00 13,Panda Path,,,FALSE,,
Complete: Slay Pernix Monkeys,FALSE,90,Mini-Quest,Location,00 14 00 14,Balloon Airbase,,,FALSE,,
Complete: Slay Magma Entities,FALSE,91,Mini-Quest,Location,00 14 00 15,Lava Lakes,,,FALSE,,
Complete: Slay Frosted Guards & Gryostone Golems,FALSE,92,Mini-Quest,Location,00 14 00 16,Freezing Heights,,,FALSE,,
Complete: Slay Azers,FALSE,93,Mini-Quest,Location,00 14 00 17,Dogun Ritual Site,,,FALSE,,
Complete: Slay Ifrits,FALSE,94,Mini-Quest,Location,00 14 00 18,Freezing Heights,,,FALSE,,
Complete: Slay Astrochelys Manis,FALSE,95,Mini-Quest,Location,00 14 00 19,Corkus Outskirts,,,FALSE,,
Complete: Slay Creatures of the Void,FALSE,96,Mini-Quest,Location,00 14 00 1a,Ahmsord,,,FALSE,,
Complete: Slay Conures,FALSE,97,Mini-Quest,Location,00 14 00 1b,Ahmsord,,,FALSE,,
Complete: Slay Angels,FALSE,98,Mini-Quest,Location,00 14 00 1c,Snail Island,,,FALSE,,
Complete: Slay Dragonlings,FALSE,99,Mini-Quest,Location,00 14 00 1d,Sky Island Ascent,,,FALSE,,
Complete: Slay Hedoro,FALSE,111,Mini-Quest,Location,00 14 00 1e,Industrial Sector,,,FALSE,,
Complete: Hunt Banshee Stags,FALSE,112,Mini-Quest,Location,00 14 00 1f,Aldwell,,,FALSE,,
Complete: Hunt Wolly Rhinos,FALSE,117,Mini-Quest,Location,00 14 00 20,Citadel's Shadow,,,FALSE,,
Complete: King's Recruit,TRUE,1,Quest,Location,00 11 00 01,Ragni,,,FALSE,,
Complete: Enzan's Brother,TRUE,1,Quest,Location,00 11 00 02,Emerald Trail,,,FALSE,,
Complete: Dearly Departed,TRUE,2,Quest,Location,00 11 00 03,Ragni,,,FALSE,,
Complete: Cook Assistant,TRUE,3,Quest,Location,00 11 00 04,"Katoa Ranch, Ragni North Entrance",,,FALSE,,
Complete: Infested Plants,TRUE,4,Quest,Location,00 11 00 05,"Entrance to Nivla Woods, Road to Time Valley, Alekin",,,TRUE,,
Complete: The Sewers of Ragni,TRUE,5,Quest,Location,00 11 00 06,Katoa Ranch,,,FALSE,,
Complete: Mushroom Man,TRUE,6,Quest,Location,00 11 00 07,"Alekin, Arachnid Woods, Detlas",Complete: Infested Plants,,TRUE,,
Complete: Tunnel Trouble,TRUE,6,Quest,Location,00 11 00 08,"Detlas Suburbs, Katoa Ranch, Corrupted Orchard, Scorched Trail, Corrupted Tower",,,FALSE,,
Complete: Taking the Tower,TRUE,8,Quest,Location,00 11 00 09,"Detlas, Corrupted Orchard, Corrupted Tower",Complete: Mushroom Man,,TRUE,,
Complete: Underwater,TRUE,9,Quest,Location,00 11 00 0a,Maltic Coast,,,TRUE,,
Complete: Maltic's Well,TRUE,10,Quest,Location,00 11 00 0b,Maltic,,,FALSE,,
Complete: Elemental Exercise,TRUE,11,Quest,Location,00 11 00 0c,"Detlas, Scorched Trail",Complete: Mushroom Man,,TRUE,,
Complete: Potion Making,TRUE,12,Quest,Location,00 11 00 0d,"Detlas, Essren's Hut, Nivla Woods",,,FALSE,,
Complete: Stable Story,TRUE,13,Quest,Location,00 11 00 0e,"Essren's Hut, Ternaves, Owl Tribe",,,FALSE,,
Complete: Arachnids' Ascent,TRUE,14,Quest,Location,00 11 00 0f,"Detlas, Lava Springs, Arachnid Woods, Webbed Fracture","Complete: Taking the Tower, Complete: Elemental Exercise",,FALSE,,
Complete: Supply and Delivery,TRUE,16,Quest,Location,00 11 00 10,"Detlas, Alekin",Complete: Mushroom Man,,FALSE,,
Complete: Lava Springs,TRUE,18,Quest,Location,00 11 00 11,"Lava Springs, Bremminglar",,,FALSE,,
Complete: Pit of the Dead,TRUE,20,Quest,Location,00 11 00 12,Nemract,,,FALSE,,
Complete: Brothers Return,TRUE,20,Quest,Location,00 11 00 13,"Detlas, Nemract, Nemract Cathedral",,,FALSE,,
Complete: The Dark Descent,TRUE,21,Quest,Location,00 11 00 14,Ancient Nemract,,,FALSE,,
Complete: Dwelling Walls,TRUE,22,Quest,Location,00 11 00 15,Nemract,,,FALSE,,
Complete: Cluck Cluck,TRUE,23,Quest,Location,00 11 00 16,Rooster Island,,,TRUE,,
Complete: Lost Tower,TRUE,24,Quest,Location,00 11 00 17,"Nemract, Ancient Nemract",,,FALSE,,
Complete: Recover the Past,TRUE,25,Quest,Location,00 11 00 18,"Corrupted River, Elkurn, Corrupted Road",,,TRUE,,
Complete: Tempo Town Trouble,TRUE,25,Quest,Location,00 11 00 19,"Nemract, Tempo Town, Time Valley",,,FALSE,,
Complete: Creeper Infiltration,TRUE,25,Quest,Location,00 11 00 1a,"Tempo Town, Ragni South Entrance, Sulphuric Hollow, Pigmen Ravines",,Unique Armor 25,TRUE,,
Complete: Deja Vu,TRUE,27,Quest,Location,00 11 00 1b,Time Valley,,,FALSE,,
Complete: The Corrupted Village,TRUE,28,Quest,Location,00 11 00 1c,"Desolate Valley, Nesaak Transition",,,FALSE,,
Complete: Misadventure on the Sea,TRUE,28,Quest,Location,00 11 00 1d,"Nemract, Selchar",,,FALSE,,
Complete: The Mercenary,TRUE,30,Quest,Location,00 11 00 1e,"Almuj, Detlas, Barren Sands, Invaded Barracks",,,FALSE,,
Complete: Green Gloop,TRUE,31,Quest,Location,00 11 00 1f,"Gloopy Cave, Almuj, Ruined Villa",,,FALSE,,
Complete: A Sandy Scandal,TRUE,32,Quest,Location,00 11 00 20,"Almuj, Cascading Oasis",,,FALSE,,
Complete: Meaningful Holiday,TRUE,33,Quest,Location,00 11 00 21,"Almuj, Almuj Slums, Ternaves, Black Road",,,FALSE,,
Complete: Kingdom of Sand,TRUE,33,Quest,Location,00 11 00 22,"Accursed Dunes, Eagle Tribe, Ruined Prospect, Ruined Villa",,,FALSE,,
Complete: Canyon Condor,TRUE,34,Quest,Location,00 11 00 23,"Rymek, Owl Tribe, Ancient Excavation",,,FALSE,,
Complete: WynnExcavation Site A,TRUE,35,Quest,Location,00 11 00 24,"Ancient Excavation, Eagle Tribe",,,TRUE,,
Complete: Tribal Aggression,TRUE,35,Quest,Location,00 11 00 25,"Owl Tribe, Eagle Tribe",,,FALSE,,
Complete: Wrath of the Mummy,TRUE,36,Quest,Location,00 11 00 26,"Almuj Slums, Almuj, Mummy's Tomb, Rymek",,,FALSE,,
Complete: Pirate's Trove,TRUE,39,Quest,Location,00 11 00 27,"Entrance to Gavel, Llevigar",,,FALSE,,
Complete: Clearing the Camps,TRUE,39,Quest,Location,00 11 00 28,"Llevigar Gate, Cliffhearth Orc Camp, Trunkstump Goblin Camp, Orc Road",,,TRUE,,
Complete: Ice Nations,TRUE,40,Quest,Location,00 11 00 29,"Nodguj Nation, Dujgon Nation",,,TRUE,,
Complete: Heart of Llevigar,TRUE,41,Quest,Location,00 11 00 2b,Llevigar,,,FALSE,,
Complete: Star Thief,TRUE,42,Quest,Location,00 11 00 2c,"Stonecave Orc Camp, Trunkstump Goblin Camp, Meteor Trail, Orc Lake, Orc Road",,,FALSE,,
Complete: Underice,TRUE,43,Quest,Location,00 11 00 2d,"Nesaak, Wolves' Den, Frigid Crossroads",Complete: Underwater,Unique Armor 40,FALSE,,
Complete: Fate of the Fallen,TRUE,43,Quest,Location,00 11 00 2e,"Wolves' Den, Nesaak, Abandoned Lumberyard",,,FALSE,,
Complete: Blazing Retribution,TRUE,44,Quest,Location,00 11 00 2f,"Orc Lake, Loamsprout Orc Camp, Sablestone Orc Camp",,,TRUE,,
Complete: Bob's Lost Soul,TRUE,45,Quest,Location,00 11 00 30,"Frigid Crossroads, Bob's Tomb, Savannah Plains, Florist's Hut, Black Road, Frozen Homestead, Abandoned Lumberyard",,,TRUE,,
Complete: WynnExcavation Site B,TRUE,46,Quest,Location,00 11 00 31,Twain Lake,Complete: WynnExcavation Site A,,TRUE,,
Complete: Frost Bite,TRUE,48,Quest,Location,00 11 00 32,Icy Descent,,,FALSE,,
Complete: The House of Twain,TRUE,49,Quest,Location,00 11 00 33,"Twain Lake, Twain Mansion",,Rare Armor 48,TRUE,,
Complete: An Iron Heart Part I,TRUE,49,Quest,Location,00 11 00 34,"Goblin Plains West, Iron Road, Meteor Crater, Sunspark Orc Camp",,,TRUE,,
Complete: Rise of the Quartron,TRUE,49,Quest,Location,00 11 00 35,"Karoc Quarry, Harnort Compound, Shineridge Orc Camp",,,FALSE,,
Complete: A Grave Mistake,TRUE,50,Quest,Location,00 11 00 36,Twain Mansion,Complete: The House of Twain,,FALSE,,
Complete: The Maiden Tower,TRUE,51,Quest,Location,00 11 00 37,"Ogre Den, Maiden Tower, Olux",,,FALSE,,
Complete: Crop Failure,TRUE,52,Quest,Location,00 11 00 38,Olux,,,FALSE,,
Complete: Corrupted Betrayal,TRUE,52,Quest,Location,00 11 00 39,"Troms Lake, Apprentice Huts, Monte's Village, Iboju Village, Troms, Temple of Legends",,,FALSE,,
Complete: Jungle Fever,TRUE,52,Quest,Location,00 11 00 3a,"Iboju Village, Almuj, Detlas",,,FALSE,,
Complete: Death Whistle,TRUE,53,Quest,Location,00 11 00 3b,"Infested Sinkhole, Floral Peaks, Maiden Tower, Witching Road",,,FALSE,,
Complete: Master Piece,TRUE,53,Quest,Location,00 11 00 3c,"Swamp Mountain Arch, Sunspark Orc Camp, Meteor Crater, Lizardman Camp, Bloody Trail",,,FALSE,,
Complete: The Worm Holes,TRUE,54,Quest,Location,00 11 00 3d,"Path to the Grootslangs, Infested Sinkhole, Forgotten Burrows, Witching Road",,,TRUE,,
Complete: The Shadow of the Beast,FALSE,54,Quest,Location,00 11 00 3e,"Bloody Trail, Entrance to Olux, Lizardman Lake, Fading Forest, Olux",,,FALSE,,
Complete: Zhight Island,TRUE,55,Quest,Location,00 11 00 3f,"Zhight Island, Mage Island",Complete: Ice Nations,Unique Armor 42,FALSE,,
Complete: WynnExcavation Site C,TRUE,55,Quest,Location,00 11 00 40,Volcanic Excavation,Complete: WynnExcavation Site B,,TRUE,,
Complete: The Passage,TRUE,57,Quest,Location,00 11 00 41,"Troms, Iboju Village",,,FALSE,,
Complete: An Iron Heart Part II,TRUE,58,Quest,Location,00 11 00 42,"Olux, Secluded Workshop",Complete: An Iron Heart Part I,,TRUE,,
Complete: The Order of the Grook,TRUE,59,Quest,Location,00 11 00 43,Mage Island,,,FALSE,,
Complete: Beneath the Depths,TRUE,60,Quest,Location,00 11 00 44,"Pirate Town, Mage Island",,,TRUE,,
Complete: Reclaiming the House,TRUE,61,Quest,Location,00 11 00 45,"Overtaken Outpost, Mangled Lake, Bloody Trail",,,FALSE,,
Complete: Redbeard's Booty,TRUE,61,Quest,Location,00 11 00 46,"Lost Atoll, Pirate Town",,,FALSE,,
Complete: Lost in the Jungle,TRUE,62,Quest,Location,00 11 00 47,"Iboju Village, Entamis Village",,,FALSE,,
Complete: Taproot,TRUE,62,Quest,Location,00 11 00 48,Fading Forest,Complete: The Worm Holes,,TRUE,,
Complete: Out of my Mind,TRUE,63,Quest,Location,00 11 00 49,Troms,,,FALSE,,
Complete: A Headless History,TRUE,64,Quest,Location,00 11 00 4a,"Gelibord Watermill, Castle Dullahan",Complete: Taproot,,TRUE,,
Complete: All Roads To Peace,TRUE,64,Quest,Location,00 11 00 4b,"Centerworld Fortress, Orc Battlegrounds","Complete: Clearing the Camps, Complete: Blazing Retribution",,FALSE,,
Complete: Lost Royalty,TRUE,65,Quest,Location,00 11 00 4c,"Iboju Village, Troms",,,FALSE,,
Complete: Lost Soles,TRUE,66,Quest,Location,00 11 00 4d,Delnar Manor,Complete: Beneath the Depths,Legendary+ Armor 60,FALSE,,
Complete: Memory Paranoia,TRUE,67,Quest,Location,00 11 00 4e,Caritat Mansion,,,FALSE,,
Complete: From the Mountains,TRUE,67,Quest,Location,00 11 00 4f,"Fleris Trail, Road to Light Forest, Bucie Waterfall, Harnort Compound",,,FALSE,,
Complete: Temple of the Legends,TRUE,68,Quest,Location,00 11 00 50,"Temple of Legends, Elkurn, Roots of Corruption, Corrupted Warfront, Akias Ruins, Corrupted Orchard, Mage Island, Iboju Village, Maro Peaks, Rymek, Sulphuric Hollow","Complete: Ice Nations, Complete: Creeper Infiltration","Unique Armor 42, Rare Armor 68",FALSE,,
Complete: Grand Youth,TRUE,69,Quest,Location,00 11 00 51,"Troms, Monte's Village",,,FALSE,,
Complete: Lazarus Pit,TRUE,69,Quest,Location,00 11 00 52,"Gelibord, Castle Dullahan, Twisted Ridge, Gelibord Watermill",,,FALSE,,
Complete: Haven Antiquity,TRUE,70,Quest,Location,00 11 00 53,"Dreary Docks, Derelict Mansion, Disturbed Crypt, Lifeless Forest",,,FALSE,,
Complete: WynnExcavation Site D,TRUE,70,Quest,Location,00 11 00 54,"Troms, Entamis Village, Fountain of Youth, Ragni",Complete: WynnExcavation Site C,,FALSE,,
Complete: Shattered Minds,TRUE,70,Quest,Location,00 11 00 55,Efilim,,,FALSE,,
Complete: Finding the Light,TRUE,71,Quest,Location,00 11 00 56,"Guardian of the Forest, Cinfras, Aldorei Valley Outskirts, The Shiar, Mantis Nest",Complete: A Headless History,,TRUE,,
Complete: Forbidden Prison,TRUE,72,Quest,Location,00 11 00 57,"Gelibord, Lexdale Penitentiary",,,FALSE,,
Complete: Lexdale Witch Trials,TRUE,72,Quest,Location,00 11 00 58,"Lexdale, Decayed Basin, Heart of Decay, Old Crossroads",,,FALSE,,
Complete: Murder Mystery,TRUE,73,Quest,Location,00 11 00 59,"Entrance to Cinfras, Cinfras",,,FALSE,,
Complete: Troubled Tribesmen,TRUE,73,Quest,Location,00 11 00 5a,Entamis Village,,,FALSE,,
Complete: Hollow Serenity,TRUE,73,Quest,Location,00 11 00 5b,"Faltach Manor, Dark Forest Village, Mushroom Hill",,,FALSE,,
Complete: Aldorei's Secret Part I,TRUE,74,Quest,Location,00 11 00 5c,"Aldorei Springs, Aldorei Valley, Outer Aldorei Town",,,TRUE,,
Complete: Acquiring Credentials,TRUE,74,Quest,Location,00 11 00 5d,Guild Hall,,,TRUE,,
Complete: Reincarnation,TRUE,74,Quest,Location,00 11 00 5e,"Skien's Island, Maro Peaks, Bob's Tomb","Complete: Cluck Cluck, Complete: Ice Nations, Complete: Bob's Lost Soul",Unique Armor 42,FALSE,,
Complete: Tower of Ascension,TRUE,75,Quest,Location,00 11 00 2a,Tower of Ascension,,,FALSE,,
Complete: The Ultimate Weapon,TRUE,75,Quest,Location,00 11 00 5f,"Dodegar's Forge, Wood Sprite Hideaway, Luxuriant Pond, The Shiar, Mycelial Expanse",,,FALSE,,
Complete: Flight in Distress,TRUE,75,Quest,Location,00 11 00 60,"Guild Hall, Detlas",Complete: Acquiring Credentials,,FALSE,,
Complete: The Bigger Picture,TRUE,76,Quest,Location,00 11 00 61,Big Mushroom Cave,,,FALSE,,
Complete: Purple and Blue,TRUE,77,Quest,Location,00 11 00 62,"Gylia Research Cabin, Gylia Lakehouse, Weird Clearing, Fallen Village, Cosmic Fissures",,,FALSE,,
Complete: Hunger of the Gerts Part I,TRUE,77,Quest,Location,00 11 00 63,"Gylia Watchtower, Jitak's Farm, Mushroom Hill, Gert Camp",,,TRUE,,
Complete: Aldorei's Secret Part II,TRUE,78,Quest,Location,00 11 00 64,"Aldorei Cliffside Waterfalls, Outer Aldorei Town, Aldorei Valley",Complete: Aldorei's Secret Part I,,FALSE,,
Complete: Hunger of the Gerts Part II,TRUE,78,Quest,Location,00 11 00 65,"Gylia Watchtower, Gert Camp",Complete: Hunger of the Gerts Part I,,FALSE,,
Complete: Fallen Delivery,TRUE,79,Quest,Location,00 11 00 66,"Burning Farm, Burning Airship, Silverbull Headquarters, Cinfras's Small Farm, Cinfras, Guild Hall",,,FALSE,,
Complete: The Realm of Light,TRUE,79,Quest,Location,00 11 00 67,"Azure Frontier, Path to Light, Primal Fen, Nexus of Light, Heavenly Ingress, Luminous Plateau, Otherworldly Monolith",Complete: Finding the Light,,TRUE,,
Complete: ???,FALSE,80,Quest,Location,00 11 00 69,,,,TRUE,,
Complete: General's Orders,FALSE,80,Quest,Location,00 11 00 6a,"Kitrios Armory, Kitrios Barracks, Colourful Mountaintop",,,FALSE,,
Complete: From the Bottom,FALSE,81,Quest,Location,00 11 00 6b,Thanos,,,FALSE,,
Complete: The Thanos Depository,FALSE,81,Quest,Location,00 11 00 6c,"Thanos, Path to Ozoth's Spire, Inhospitable Mountain",,,TRUE,,
Complete: A Marauder's Dues,FALSE,83,Quest,Location,00 11 00 6d,"Bandit's Toll, Wizard's Warning, Harpy's Haunt North, Perilous Passage, Canyon Walkway",,,FALSE,,
Complete: The Envoy Part I,FALSE,83,Quest,Location,00 11 00 6e,"Selchar, Corkus Castle, Corkus City, Avos Territory, Overrun Docks",,,TRUE,,
Complete: The Canyon Guides,FALSE,84,Quest,Location,00 11 00 6f,"Hobgoblin's Hoard, Krolton's Cave, Bantisu Approach, Workshop Glade",,,FALSE,,
Complete: The Lost,FALSE,85,Quest,Location,00 11 00 70,"Protector's Pathway, Featherfall Cliffs, Canyon Dropoff, Rocky Bend, Housing Crisis",,,FALSE,,
Complete: The Canary Calls,FALSE,85,Quest,Location,00 11 00 71,"Thesead Underpass, Thesead",,,FALSE,,
Complete: Desperate Metal,FALSE,86,Quest,Location,00 11 00 72,"Lighthouse Lookout, Balloon Airbase",,,FALSE,,
Complete: Cowfusion,FALSE,86,Quest,Location,00 11 00 73,Ranol's Farm,,,FALSE,,
Complete: Beyond the Grave,FALSE,87,Quest,Location,00 11 00 74,"Bantisu Air Temple, Krolton's Cave, Harpy's Haunt North, Wizard's Warning",,,FALSE,,
Complete: Mixed Feelings,FALSE,87,Quest,Location,00 11 00 75,Founder's Statue,,,FALSE,,
Complete: The Hidden City,FALSE,88,Quest,Location,00 11 00 76,"Eltom, Entrance to Thesead, Thesead",,,FALSE,,
Complete: The Envoy Part II,FALSE,89,Quest,Location,00 11 00 77,"Corkus City, Avos Territory, Avos Temple, Corkus Castle, Road to Mine, Corkus Sea Cove, Relos, Industrial Clearing",Complete: The Envoy Part I,,TRUE,,
Complete: Enter the Dojo,FALSE,89,Quest,Location,00 11 00 78,,,,FALSE,,
Complete: Fantastic Voyage,FALSE,90,Quest,Location,00 11 00 79,"Jofash Docks, Mine Base Plains",,,FALSE,,
Complete: Dwarves and Doguns Part I,FALSE,91,Quest,Location,00 11 00 7a,"Rodoroc, Dogun Ritual Site, Freezing Heights, Pyroclastic Flow, Lava Lakes",,,TRUE,,
Complete: The Feathers Fly Part I,FALSE,91,Quest,Location,00 11 00 7b,"Ava's Workshop, Avos Territory, Corkus Outskirts",Complete: The Envoy Part II,,TRUE,,
Complete: Dwarves and Doguns Part II,FALSE,92,Quest,Location,00 11 00 7c,"Lava Lakes, Crater Descent, Rodoroc",Complete: Dwarves and Doguns Part I,,TRUE,,
Complete: Dwarves and Doguns Part III,FALSE,93,Quest,Location,00 11 00 7d,"Freezing Heights, Dogun Ritual Site",Complete: Dwarves and Doguns Part II,,TRUE,,
Complete: The Feathers Fly Part II,FALSE,93,Quest,Location,00 11 00 7e,"Corkus Castle, Corkus City Crossroads, Corkus City, Road to Mine, Ava's Workshop",Complete: The Feathers Fly Part I,,FALSE,,
Complete: Dwarves and Doguns Part IV,FALSE,94,Quest,Location,00 11 00 7f,"Dogun Ritual Site, Rodoroc, Crater Descent, Lava Lakes",Complete: Dwarves and Doguns Part III,,TRUE,,
Complete: One Thousand Meters Under,FALSE,95,Quest,Location,00 11 00 80,Ahmsord,,,FALSE,,
Complete: Recipe For Disaster,FALSE,96,Quest,Location,00 11 00 81,"Ahmsord, Kandon Farm, Jofash Docks, Astraulus' Tower, Snail Island, Swamp Island",,,FALSE,,
Complete: The Breaking Point,FALSE,97,Quest,Location,00 11 00 82,"Kandon-Beda, Retrofitted Manufactory, Dogun Ritual Site, Freezing Heights, Crater Descent, Rodoroc, Upper Thanos, Thanos Exit, Molten Passage, Path to Ozoth's Spire, Thanos","Complete: The Envoy Part II, Complete: Dwarves and Doguns Part IV, Complete: The Thanos Depository",,FALSE,,
Complete: Royal Trials,FALSE,98,Quest,Location,00 11 00 83,"Raiders' Stronghold, Raiders' Airbase",,,FALSE,,
Complete: The Hero of Gavel,FALSE,99,Quest,Location,00 11 00 84,"Ahmsord, Llevigar, Cinfras, Angel Refuge",,,FALSE,,
Complete: The Qira Hive,FALSE,100,Quest,Location,00 11 00 68,The Hive,,,FALSE,,
Complete: The Olmic Rune,FALSE,100,Quest,Location,00 11 00 85,"Grey Ruins, Forgotten Town",,,FALSE,,
Complete: A Journey Beyond,FALSE,100,Quest,Location,00 11 00 86,"Silent Road, Worm Tunnel, Broken Road, Grey Ruins, Forgotten Town, Detlas, Mine Base Plains, Black Road, Lutho, Corrupted River, Nesaak Transition, Florist's Hut",,,TRUE,,
Complete: A Journey Further,FALSE,101,Quest,Location,00 11 00 87,"Lutho, Toxic Drip, Paths of Sludge, Gateway to Nothing, Final Step",Complete: A Journey Beyond,,TRUE,,
Complete: Point of No Return,FALSE,102,Quest,Location,00 11 00 88,Lutho,Complete: A Journey Beyond,,FALSE,,
Complete: Queen's Recruit,FALSE,103,Quest,Location,00 11 00 89,"Detlas, Ragni, Royal Gate","Complete: Recover the Past, Complete: The Realm of Light, Complete: A Journey Further",,TRUE,,
Complete: A Hunter's Calling,FALSE,103,Quest,Location,00 11 00 8a,"Bizarre Passage, The Gate, Ragni, Ancient Excavation, Ruined Villa, Almuj, Wolves' Den, Troms, Temple of Legends, Secluded Workshop, Rodoroc, Corkus Castle","Complete: An Iron Heart Part II, Complete: Dwarves and Doguns Part II, Complete: A Journey Further",,FALSE,,
Complete: A Journey Home,FALSE,104,Quest,Location,00 11 00 8b,"Ragni, Fort Torann, Royal Gate",Complete: Queen's Recruit,,TRUE,,
Complete: A New Beginning,FALSE,105,Quest,Location,00 11 00 8c,"Espren, Forts in Fall, Festival Grounds, The Frog Bog",Complete: A Journey Home,,TRUE,,
Complete: The Cursed One,FALSE,106,Quest,Location,00 11 00 8d,"Festival Grounds, Espren",Complete: A New Beginning,,TRUE,,
Complete: Undersupply,FALSE,107,Quest,Location,00 11 00 8e,"Royal Dam, Forts in Fall, Lake Gitephe",Complete: A Journey Home,,FALSE,,
Complete: The Scarred Springs,FALSE,108,Quest,Location,00 11 00 8f,"Royal Barracks, The Lumbermill, Espren",Complete: A Journey Home,,FALSE,,
Complete: Revelations in Fall,FALSE,108,Quest,Location,00 11 00 90,"Festival Grounds, Espren, Agricultural Sector",Complete: The Cursed One,,TRUE,,
Complete: Solidarity of Steel,FALSE,109,Quest,Location,00 11 00 91,"Industrial Sector, Timasca, Water Processing Sector",Complete: Revelations in Fall,,TRUE,,
Complete: Off the Rails,FALSE,109,Quest,Location,00 11 00 92,"Timasca, Espren",Complete: Revelations in Fall,,FALSE,,
Complete: The Price of Ingenuity,FALSE,110,Quest,Location,00 11 00 93,"Industrial Sector, Timasca, Water Processing Sector",Complete: Solidarity of Steel,,TRUE,,
Complete: Through the Pipes,FALSE,110,Quest,Location,00 11 00 94,"Timasca, Agricultural Sector",Complete: Revelations in Fall,,FALSE,,
Complete: The Missing Piece,FALSE,111,Quest,Location,00 11 00 95,"Espren, Agricultural Sector, Residence Sector, University Campus, Royal Barracks",Complete: Revelations in Fall,,FALSE,,
Complete: Echoes of Change,FALSE,112,Quest,Location,00 11 00 96,"Industrial Sector, Timasca, Water Processing Sector, University Campus, Deforested Ecotone",Complete: The Price of Ingenuity,,TRUE,,
Complete: Shrouded in Mist,FALSE,113,Quest,Location,00 11 00 97,"Deforested Ecotone, Aldwell, Highlands Gate, Verdant Grove",Complete: Echoes of Change,,TRUE,,
Complete: Burning Bonds,FALSE,114,Quest,Location,00 11 00 98,"Verdant Grove, Deforested Ecotone, Fort Hegea",Complete: Revelations in Fall,,FALSE,,
Complete: True Colours,FALSE,115,Quest,Location,00 11 00 99,"Deforested Ecotone, Fort Hegea, Verdant Grove",Complete: Shrouded in Mist,,TRUE,,
Complete: Celebrations in Smoke,FALSE,115,Quest,Location,00 11 00 9a,"Aldwell, Fort Hegea",Complete: Revelations in Fall,,FALSE,,
Complete: Overture to Despair,FALSE,116,Quest,Location,00 11 00 9b,"Hyloch, Feuding Houses, Lake Gitephe",Complete: True Colours,,TRUE,,
Complete: The Strong Survive,FALSE,117,Quest,Location,00 11 00 9c,"Hyloch, Fort Tericen",Complete: Revelations in Fall,,FALSE,,
Complete: Ensemble of Hope,FALSE,118,Quest,Location,00 11 00 9d,"Hyloch, Citadel's Shadow, Royal Dam, Deforested Ecotone, Gates to Aelumia, Contested District",Complete: Overture to Despair,,TRUE,,
Complete: Apotheosis,FALSE,119,Quest,Location,00 11 00 9e,"Hyloch, Lake Gitephe, Contested District, Gates to Aelumia, Royal Barracks",Complete: Ensemble of Hope,,FALSE,,
Ragni Main Entrance,TRUE,1,Region,Item,00 01 00 00,"Emerald Trail, Ragni Countryside South, Ragni",,,FALSE,1,Visit: Ragni Main Entrance
Emerald Trail,TRUE,1,Region,Item,00 01 00 0c,"Ragni Main Entrance, Entrance to Nivla Woods, Farmers Settlement",,,FALSE,1,"Explore: Pigman Barbeque, Explore: Corrupted Passageway, Complete: Enzan's Brother, Visit: Emerald Trail"
Ragni,TRUE,1,Region,Default,,"Ragni Main Entrance, Ragni North Entrance, Ragni South Entrance",,,FALSE,1,"Complete: King's Recruit, Complete: Dearly Departed, Complete: WynnExcavation Site D, Complete: Queen's Recruit, Complete: A Hunter's Calling, Complete: A Journey Home, Visit: Ragni"
Ragni Countryside South,TRUE,2,Region,Item,00 01 00 04,"Ragni Main Entrance, Ragni Countryside North, Farmers Settlement",,,FALSE,2,"Explore: Derelict Mine, Visit: Ragni Countryside South"
Ragni Countryside North,TRUE,2,Region,Item,00 01 00 05,"Riverbank Knoll, Ragni Countryside South, Coastal Trail, Maltic",,,FALSE,2,"Explore: Ancestor Grotto, Explore: Derelict Mine, Visit: Ragni Countryside North"
Coastal Trail,TRUE,2,Region,Item,00 01 00 1a,"Ragni Countryside North, Maltic Coast, Maltic",,,FALSE,2,"Explore: Ancestor Grotto, Visit: Coastal Trail"
Ragni North Entrance,TRUE,3,Region,Item,00 01 00 01,"Katoa Ranch, Riverbank Knoll, Ragni",,,FALSE,3,"Complete: Cook Assistant, Visit: Ragni North Entrance"
Katoa Ranch,TRUE,3,Region,Item,00 01 00 02,"Ragni North Entrance, Riverbank Knoll",,,FALSE,3,"Explore: Crab Fighters, Complete: Decrepit Sewers, Complete: Cook Assistant, Complete: The Sewers of Ragni, Complete: Tunnel Trouble, Visit: Katoa Ranch"
Riverbank Knoll,TRUE,3,Region,Item,00 01 00 03,"Ragni North Entrance, Katoa Ranch, Ragni Countryside North",,,FALSE,3,Visit: Riverbank Knoll
Farmers Settlement,TRUE,4,Region,Item,00 01 00 06,"Emerald Trail, Maltic, Nomads' Refuge, Ragni Countryside South, Ancient Waterworks",,,FALSE,4,"Explore: Fire & Water, Visit: Farmers Settlement"
Nivla Woods,TRUE,4,Region,Item,00 01 00 0d,"Entrance to Nivla Woods, Road to Time Valley, Alekin, Blooming Boulders",,,FALSE,4,"Explore: Spider Mother Grove, Explore: Roots of Infestation, Explore: Old Growth Rot, Complete: Slay Spiders, Complete: Potion Making, Visit: Nivla Woods"
Entrance to Nivla Woods,TRUE,4,Region,Item,00 01 00 0e,"Emerald Trail, Nomads' Refuge, Road to Time Valley, Nivla Woods",,,FALSE,4,"Complete: Infested Plants, Visit: Entrance to Nivla Woods"
Maltic Coast,TRUE,4,Region,Item,00 01 00 13,"Coastal Trail, Maltic, Jagged Foothills, Ancient Waterworks",,,FALSE,4,"Explore: Tidepool Terrace, Complete: Underwater, Visit: Maltic Coast"
Road to Time Valley,TRUE,4,Region,Item,00 01 00 14,"Entrance to Nivla Woods, Nivla Woods, Blooming Boulders, Abandoned Farm",,,FALSE,4,"Explore: Spider Mother Grove, Explore: Mossy Grotto, Explore: Corrupt Time Warp, Complete: Infested Plants, Visit: Road to Time Valley"
Alekin,TRUE,4,Region,Default,,"Nivla Woods, Blooming Boulders, Arachnid Woods, Nivla Woods Exit",,,FALSE,4,"Complete: Infested Plants, Complete: Mushroom Man, Complete: Supply and Delivery, Visit: Alekin"
Maltic,TRUE,4,Region,Default,,"Ragni Countryside North, Coastal Trail, Maltic Coast, Ancient Waterworks, Farmers Settlement",,,FALSE,4,"Complete: Maltic's Well, Visit: Maltic"
Nomads' Refuge,TRUE,5,Region,Item,00 01 00 07,"Entrance to Nivla Woods, Farmers Settlement, Arachnid Woods, Ancient Waterworks, Webbed Fracture",,,FALSE,5,Visit: Nomads' Refuge
Arachnid Woods,TRUE,5,Region,Item,00 01 00 09,"Alekin, Nivla Woods Exit, Nomads' Refuge, Webbed Fracture",,,FALSE,5,"Explore: Fungas Log, Complete: Mushroom Man, Complete: Arachnids' Ascent, Visit: Arachnid Woods"
Ancient Waterworks,TRUE,5,Region,Item,00 01 00 15,"Maltic Coast, Maltic, Farmers Settlement, Nomads' Refuge, Jagged Foothills",,,FALSE,5,Visit: Ancient Waterworks
Road to Elkurn,TRUE,6,Region,Item,00 01 00 0a,"Blooming Boulders, Elkurn, Tempo Town, Nivla Woods Exit",,,FALSE,6,"Explore: Crypt Excavation, Visit: Road to Elkurn"
Nivla Woods Exit,TRUE,6,Region,Item,00 01 00 0f,"Alekin, Arachnid Woods, Road to Elkurn, Akias Ruins, Nested Cliffside",,,FALSE,6,Visit: Nivla Woods Exit
Akias Ruins,TRUE,6,Region,Item,00 01 00 10,"Corrupted Orchard, Nivla Woods Exit, Corrupted Warfront, Corrupted Tower, Corrupted Road",,,FALSE,6,"Complete: Temple of the Legends, Visit: Akias Ruins"
Detlas Suburbs,TRUE,6,Region,Item,00 01 00 11,"Corrupted Orchard, Detlas, Corrupted Warfront, Scorched Trail",,,FALSE,6,"Complete: Tunnel Trouble, Visit: Detlas Suburbs"
Corrupted Orchard,TRUE,6,Region,Item,00 01 00 12,"Akias Ruins, Detlas Suburbs, Corrupted Warfront, Scorched Trail, Corrupted Tower",,,FALSE,6,"Explore: Hex Keep Gateway, Explore: Hill Hovel, Complete: Tunnel Trouble, Complete: Taking the Tower, Complete: Temple of the Legends, Visit: Corrupted Orchard"
Scorched Trail,TRUE,6,Region,Item,00 01 00 16,"Corrupted Orchard, Detlas Suburbs, Detlas, Ancient Nemract, Cathedral Harbour, Corrupted Tower, Lava Springs, Savannah Plains",,,FALSE,6,"Explore: Hex Keep Gateway, Explore: Cave Springs, Complete: Slay Skeletons, Complete: Tunnel Trouble, Complete: Elemental Exercise, Visit: Scorched Trail"
Corrupted Tower,TRUE,6,Region,Item,00 01 00 17,"Akias Ruins, Corrupted Orchard, Razed Inn, Ancient Nemract, Scorched Trail",,,FALSE,6,"Explore: Detlas Salt Mine, Explore: Raging Tower, Complete: Tunnel Trouble, Complete: Taking the Tower, Visit: Corrupted Tower"
Detlas,TRUE,6,Region,Default,,"Detlas Suburbs, Essren's Hut, Scorched Trail, Plains Lake",,,FALSE,6,"Complete: Mushroom Man, Complete: Taking the Tower, Complete: Elemental Exercise, Complete: Potion Making, Complete: Arachnids' Ascent, Complete: Supply and Delivery, Complete: Brothers Return, Complete: The Mercenary, Complete: Jungle Fever, Complete: Flight in Distress, Complete: A Journey Beyond, Complete: Queen's Recruit, Visit: Detlas"
Corrupted Warfront,TRUE,11,Region,Item,00 01 00 2c,"Corrupted Road, Roots of Corruption, Corrupted Orchard, Detlas Suburbs, Akias Ruins, Plains Lake",,,FALSE,11,"Explore: Winery Infestation, Complete: Temple of the Legends, Visit: Corrupted Warfront"
Black Road,TRUE,12,Region,Item,00 01 00 1f,"Lava Springs, Ternaves, Abandoned Mines Entrance, Essren's Hut",,,FALSE,12,"Explore: Spore Spiral, Complete: Meaningful Holiday, Complete: Bob's Lost Soul, Complete: A Journey Beyond, Visit: Black Road"
Essren's Hut,TRUE,12,Region,Item,00 01 00 23,"Detlas, Lava Springs, Mine Base Plains, Black Road",,,FALSE,12,"Complete: Slay Mooshrooms, Complete: Potion Making, Complete: Stable Story, Visit: Essren's Hut"
Owl Tribe,TRUE,13,Region,Item,00 01 00 46,"Sunset Plateau, Ancient Excavation, Almuj Slums, Eagle Tribe, Ternaves",,,FALSE,13,"Complete: Stable Story, Complete: Canyon Condor, Complete: Tribal Aggression, Visit: Owl Tribe"
Ternaves,TRUE,13,Region,Default,,"Ternaves Tunnel, Black Road, Abandoned Mines Entrance, Owl Tribe",,,FALSE,13,"Complete: Stable Story, Complete: Meaningful Holiday, Visit: Ternaves"
Webbed Fracture,TRUE,14,Region,Item,00 01 00 19,"Nomads' Refuge, Arachnid Woods, Nested Cliffside",,,FALSE,14,"Complete: Infested Pit, Complete: Arachnids' Ascent, Visit: Webbed Fracture"
Lava Springs,TRUE,14,Region,Item,00 01 00 3a,"Ternaves Tunnel, Black Road, Savannah Plains, Essren's Hut, Scorched Trail",,,FALSE,14,"Explore: Termite Mounds, Complete: Arachnids' Ascent, Complete: Lava Springs, Visit: Lava Springs"
Abandoned Farm,TRUE,16,Region,Item,00 01 00 1e,"Pigmen Ravines, Time Valley, Road to Time Valley",,,FALSE,16,Visit: Abandoned Farm
Savannah Plains,TRUE,16,Region,Item,00 01 00 35,"Entrance to Almuj, Lava Springs, Bremminglar, Cathedral Harbour, Scorched Trail",,,FALSE,16,"Explore: Willow Crypt, Explore: Captain's Quarters, Complete: Bob's Lost Soul, Visit: Savannah Plains"
Bremminglar,TRUE,16,Region,Default,,"Savannah Plains, Lion Lair",,,FALSE,16,"Complete: Lava Springs, Visit: Bremminglar"
*Abandoned Farm,TRUE,16,Region,Item,,"Pigmen Ravines, Time Valley, Road to Time Valley",,,FALSE,16,"Explore: Mossy Grotto, Visit: Abandoned Farm"
Cathedral Harbour,TRUE,18,Region,Item,00 01 00 25,"Savannah Plains, Ancient Nemract, Nemract Cathedral, Scorched Trail",,,FALSE,18,"Explore: Pirate Hold, Explore: Captain's Quarters, Explore: Lovers' Cavern, Visit: Cathedral Harbour"
Nemract Cathedral,TRUE,18,Region,Item,00 01 00 26,"Nemract, Mount Wynn Inn, Ancient Nemract, Cathedral Harbour",,,FALSE,18,"Complete: Brothers Return, Visit: Nemract Cathedral"
Mount Wynn Inn,TRUE,18,Region,Item,00 01 00 28,"Nemract, Nested Cliffside, Razed Inn, Ancient Nemract, Blackstring Den, Nemract Cathedral",,,FALSE,18,"Explore: Muddy Cavern, Visit: Mount Wynn Inn"
Nested Cliffside,TRUE,18,Region,Item,00 01 00 2a,"Nivla Woods Exit, Mount Wynn Inn, Blackstring Den, Webbed Fracture",,,FALSE,18,Visit: Nested Cliffside
Razed Inn,TRUE,18,Region,Item,00 01 00 2b,"Mount Wynn Inn, Corrupted Tower",,,FALSE,18,Visit: Razed Inn
Ancient Nemract,TRUE,18,Region,Item,00 01 00 33,"Mount Wynn Inn, Scorched Trail, Corrupted Tower, Nemract Cathedral, Cathedral Harbour",,,FALSE,18,"Complete: Underworld Crypt, Complete: The Dark Descent, Complete: Lost Tower, Visit: Ancient Nemract"
Nemract,TRUE,18,Region,Default,,"Mount Wynn Inn, Nemract Cathedral, Rocky Shore, Selchar",,,FALSE,18,"Explore: Sunken Ship, Complete: Pit of the Dead, Complete: Brothers Return, Complete: Dwelling Walls, Complete: Lost Tower, Complete: Tempo Town Trouble, Complete: Misadventure on the Sea, Visit: Nemract"
Blooming Boulders,TRUE,22,Region,Item,00 01 00 08,"Road to Time Valley, Tempo Town, Nivla Woods, Road to Elkurn, Alekin",,,FALSE,22,Visit: Blooming Boulders
Corrupted Road,TRUE,22,Region,Item,00 01 00 0b,"Roots of Corruption, Akias Ruins, Corrupted Warfront, Elkurn",,,FALSE,22,"Complete: Recover the Past, Visit: Corrupted Road"
Abandoned Mines Entrance,TRUE,22,Region,Item,00 01 00 20,"Black Road, Mining Base Camp, Mine Base Plains, Abandoned Pass, Ternaves",,,FALSE,22,Visit: Abandoned Mines Entrance
Mine Base Plains,TRUE,22,Region,Item,00 01 00 36,"Abandoned Mines Entrance, Mining Base Camp, Abandoned Mines, Plains Lake, Silent Road, Essren's Hut",,,FALSE,22,"Explore: Lake Pit, Complete: Fantastic Voyage, Complete: A Journey Beyond, Visit: Mine Base Plains"
Mining Base Camp,TRUE,22,Region,Item,00 01 00 37,"Abandoned Mines Entrance, Abandoned Mines, Abandoned Pass, Mine Base Plains",,,FALSE,22,"Explore: Lower Abandoned Mines, Visit: Mining Base Camp"
Abandoned Mines,TRUE,22,Region,Item,00 01 00 3b,"Mining Base Camp, Mine Base Plains",,,FALSE,22,"Explore: Lower Abandoned Mines, Visit: Abandoned Mines"
Time Valley,TRUE,22,Region,Item,00 01 00 3e,"Little Wood, Abandoned Farm, Tempo Town, Sanctuary Bridge",,,FALSE,22,"Explore: Time Valley Aquifer, Explore: The Alcazar, Complete: Tempo Town Trouble, Complete: Deja Vu, Visit: Time Valley"
Sanctuary Bridge,TRUE,22,Region,Item,00 01 00 3f,"Time Valley, Frosty Spikes",,,FALSE,22,"Explore: The Sacrificial Altar, Complete: Timelost Sanctum, Visit: Sanctuary Bridge"
Tempo Town,TRUE,22,Region,Default,,"Blooming Boulders, Elkurn, Time Valley, Road to Elkurn",,,FALSE,22,"Explore: Corrupt Time Warp, Explore: Vortex Complex, Explore: Time Valley Aquifer, Complete: Tempo Town Trouble, Complete: Creeper Infiltration, Visit: Tempo Town"
Elkurn,TRUE,22,Region,Default,,"Road to Elkurn, Corrupted Road, Frosty Spikes, Tempo Town, Nesaak Transition, Corrupted River",,,FALSE,22,"Explore: Vortex Complex, Complete: Recover the Past, Complete: Temple of the Legends, Visit: Elkurn"
Jagged Foothills,TRUE,23,Region,Item,00 01 00 18,"Maltic Coast, Ancient Waterworks, Rocky Shore",,,FALSE,23,Visit: Jagged Foothills
Rocky Shore,TRUE,23,Region,Item,00 01 00 27,"Blackstring Den, Nemract, Jagged Foothills",,,FALSE,23,"Explore: Boar Burrow, Visit: Rocky Shore"
Blackstring Den,TRUE,23,Region,Item,00 01 00 29,"Rocky Shore, Mount Wynn Inn, Nested Cliffside",,,FALSE,23,Visit: Blackstring Den
Rooster Island,TRUE,23,Region,Item,00 01 00 32,Selchar,,,FALSE,23,"Complete: Cluck Cluck, Visit: Rooster Island"
Selchar,TRUE,23,Region,Default,,"Nemract, Rooster Island, Bear Zoo, Zhight Island, Corkus Castle, Pirate Town, Lost Atoll, Volcanic Excavation, Entrance to Gavel, Tree Island, Maro Peaks, Skien's Island, Dreary Docks, Nodguj Nation, Durum Isles Barn, Mage Island, Half Moon Island, Florist's Hut",,,FALSE,23,"Explore: Wave Cult Temple, Complete: Misadventure on the Sea, Complete: The Envoy Part I, Visit: Selchar"
Ternaves Tunnel,TRUE,24,Region,Item,00 01 00 39,"Entrance to Almuj, Lava Springs, Ternaves",,,FALSE,24,"Explore: Termite Mounds, Visit: Ternaves Tunnel"
Plains Lake,TRUE,24,Region,Item,00 01 00 3d,"Roots of Corruption, Desolate Valley, Mine Base Plains, Corrupted Warfront, Detlas",,,FALSE,24,"Explore: Lake Pit, Visit: Plains Lake"
Ragni South Entrance,TRUE,25,Region,Item,00 01 00 1b,"Pigmen Ravines, Sulphuric Hollow, Ragni",,,FALSE,25,"Complete: Creeper Infiltration, Visit: Ragni South Entrance"
Sulphuric Hollow,TRUE,25,Region,Item,00 01 00 1c,"Ragni South Entrance, Little Wood",,,FALSE,25,"Complete: Creeper Infiltration, Complete: Temple of the Legends, Visit: Sulphuric Hollow"
Little Wood,TRUE,25,Region,Item,00 01 00 1d,"Sulphuric Hollow, Time Valley",,,FALSE,25,Visit: Little Wood
Bear Zoo,TRUE,25,Region,Item,00 01 00 21,Selchar,,,FALSE,25,Visit: Bear Zoo
Pigmen Ravines,TRUE,25,Region,Item,00 01 00 22,"Ragni South Entrance, Abandoned Farm",,,FALSE,25,"Complete: Creeper Infiltration, Visit: Pigmen Ravines"
Durum Oat Islet,TRUE,25,Region,Item,00 01 00 2d,Durum Isles Barn,,,FALSE,25,Visit: Durum Oat Islet
Durum Malt Islet,TRUE,25,Region,Item,00 01 00 2e,Durum Isles Barn,,,FALSE,25,Visit: Durum Malt Islet
Durum Barley Islet,TRUE,25,Region,Item,00 01 00 2f,Durum Isles Barn,,,FALSE,25,Visit: Durum Barley Islet
Corrupted River,TRUE,25,Region,Item,00 01 00 30,"Elkurn, Roots of Corruption, Nesaak Transition, Desolate Valley",,,FALSE,25,"Explore: Corruption Mines, Complete: Recover the Past, Complete: A Journey Beyond, Visit: Corrupted River"
Durum Isles Barn,TRUE,25,Region,Item,00 01 00 31,"Durum Barley Islet, Durum Oat Islet, Durum Malt Islet, Selchar",,,FALSE,25,Visit: Durum Isles Barn
Roots of Corruption,TRUE,25,Region,Item,00 01 00 40,"Corrupted Road, Corrupted River, Corrupted Warfront, Plains Lake",,,FALSE,25,"Explore: Corruption Mines, Complete: Temple of the Legends, Visit: Roots of Corruption"
Half Moon Island,TRUE,25,Region,Item,00 01 00 48,Selchar,,,FALSE,25,"Explore: Dead Man's Dugout, Explore: Half Moon Island, Visit: Half Moon Island"
Tree Island,TRUE,25,Region,Item,00 01 00 50,Selchar,,,FALSE,25,Visit: Tree Island
*Time Valley,TRUE,25,Region,Item,,"Little Wood, Abandoned Farm, Tempo Town, Sanctuary Bridge",,,FALSE,4,"Explore: Spider Mother Grove, Explore: Mossy Grotto, Explore: Corrupt Time Warp, Explore: Time Valley Aquifer, Explore: The Alcazar, Explore: Trunk Garrison, Complete: Infested Plants, Complete: Tempo Town Trouble, Complete: Deja Vu, Visit: Road to Time Valley, Visit: Time Valley"
Nesaak Transition,TRUE,27,Region,Item,00 01 00 43,"Florist's Hut, Desolate Valley, Elkurn, Corrupted River",,,FALSE,27,"Complete: The Corrupted Village, Complete: A Journey Beyond, Visit: Nesaak Transition"
Frosty Spikes,TRUE,27,Region,Item,00 01 00 44,"Elkurn, Florist's Hut, Frozen Homestead, Abandoned Lumberyard, Sanctuary Bridge",,,FALSE,27,"Explore: Ice Doors, Visit: Frosty Spikes"
Florist's Hut,TRUE,27,Region,Item,00 01 00 b4,"Bob's Tomb, Frosty Spikes, Frozen Homestead, Nesaak, Nesaak Transition, Selchar",,,FALSE,27,"Complete: Bob's Lost Soul, Complete: A Journey Beyond, Visit: Florist's Hut"
Frozen Homestead,TRUE,27,Region,Item,00 01 00 b5,"Frigid Crossroads, Frosty Spikes, Abandoned Lumberyard, Nesaak, Florist's Hut",,,FALSE,27,"Complete: Bob's Lost Soul, Visit: Frozen Homestead"
Abandoned Lumberyard,TRUE,27,Region,Item,00 01 00 b7,"Frozen Homestead, Frosty Spikes",,,FALSE,27,"Explore: The Alcazar, Explore: Ice Doors, Complete: Fate of the Fallen, Complete: Bob's Lost Soul, Visit: Abandoned Lumberyard"
Nesaak,TRUE,27,Region,Default,,"Wolves' Den, Frigid Crossroads, Florist's Hut, Frozen Homestead, Bob's Tomb",,,FALSE,27,"Complete: Underice, Complete: Fate of the Fallen, Visit: Nesaak"
Desolate Valley,TRUE,28,Region,Item,00 01 00 3c,"Nesaak Transition, Corrupted River, Plains Lake",,,FALSE,28,"Complete: The Corrupted Village, Visit: Desolate Valley"
Mage Island,TRUE,28,Region,Item,00 01 00 42,Selchar,,,FALSE,28,"Explore: Lush Grotto, Explore: Troll Tower, Explore: Crystalline Polynya, Complete: Zhight Island, Complete: The Order of the Grook, Complete: Beneath the Depths, Complete: Temple of the Legends, Visit: Mage Island"
Abandoned Pass,TRUE,30,Region,Item,00 01 00 24,"Abandoned Mines Entrance, Mining Base Camp",,,FALSE,30,"Explore: Blazing Oasis, Visit: Abandoned Pass"
Lion Lair,TRUE,30,Region,Item,00 01 00 34,Bremminglar,,,FALSE,30,"Explore: Lion's Lair, Visit: Lion Lair"
Entrance to Almuj,TRUE,30,Region,Item,00 01 00 38,"Almuj, Ternaves Tunnel, Savannah Plains",,,FALSE,30,Visit: Entrance to Almuj
Invaded Barracks,TRUE,30,Region,Item,00 01 00 c0,Barren Sands,,,FALSE,30,"Explore: Fallen Passage, Complete: The Mercenary, Visit: Invaded Barracks"
Barren Sands,TRUE,30,Region,Item,00 01 00 c1,"Invaded Barracks, Accursed Dunes, Gloopy Cave",,,FALSE,30,"Explore: Fallen Passage, Complete: The Mercenary, Visit: Barren Sands"
Cascading Oasis,TRUE,30,Region,Item,00 01 00 c3,"Gloopy Cave, Mummy's Tomb, Dusty Pit",,,FALSE,30,"Explore: Treasure Tomb, Explore: Crystal Caverns, Complete: A Sandy Scandal, Visit: Cascading Oasis"
Gloopy Cave,TRUE,30,Region,Item,00 01 00 c4,"Barren Sands, Cascading Oasis, Ruined Villa, Almuj",,,FALSE,30,"Explore: Crystal Caverns, Complete: Green Gloop, Visit: Gloopy Cave"
Dusty Pit,TRUE,30,Region,Item,00 01 00 c7,"Cascading Oasis, Almuj",,,FALSE,30,Visit: Dusty Pit
Almuj Slums,TRUE,30,Region,Item,00 01 00 c8,"Ruined Villa, Ancient Excavation, Almuj, Owl Tribe",,,FALSE,30,"Explore: Dust Bowl, Explore: Sundial Sanctum, Complete: Meaningful Holiday, Complete: Wrath of the Mummy, Visit: Almuj Slums"
Almuj,TRUE,30,Region,Default,,"Gloopy Cave, Ruined Villa, Almuj Slums, Entrance to Almuj, Dusty Pit",,,FALSE,30,"Explore: Crystal Caverns, Explore: Quicksand Carvers' Den, Complete: Slay Scarabs, Complete: The Mercenary, Complete: Green Gloop, Complete: A Sandy Scandal, Complete: Meaningful Holiday, Complete: Wrath of the Mummy, Complete: Jungle Fever, Complete: A Hunter's Calling, Visit: Almuj"
Ruined Villa,TRUE,31,Region,Item,00 01 00 c5,"Gloopy Cave, Ancient Excavation, Almuj, Almuj Slums, Accursed Dunes",,,FALSE,31,"Complete: Green Gloop, Complete: Kingdom of Sand, Complete: A Hunter's Calling, Visit: Ruined Villa"
Eagle Tribe,TRUE,33,Region,Item,00 01 00 bd,"Sunrise Plateau, Owl Tribe, Accursed Dunes",,,FALSE,33,"Explore: Emerald Knives Hideout, Complete: Kingdom of Sand, Complete: WynnExcavation Site A, Complete: Tribal Aggression, Visit: Eagle Tribe"
Ruined Prospect,TRUE,33,Region,Item,00 01 00 be,"Rymek, Sunset Plateau",,,FALSE,33,"Complete: Slay Coyotes, Complete: Kingdom of Sand, Visit: Ruined Prospect"
Sunset Plateau,TRUE,33,Region,Item,00 01 00 bf,"Sunrise Plateau, Ruined Prospect, Owl Tribe",,,FALSE,33,"Explore: Gator Range, Visit: Sunset Plateau"
Accursed Dunes,TRUE,33,Region,Item,00 01 00 c2,"Eagle Tribe, Barren Sands, Ruined Villa",,,FALSE,33,"Complete: Sand-Swept Tomb, Complete: Kingdom of Sand, Visit: Accursed Dunes"
Ancient Excavation,TRUE,33,Region,Item,00 01 00 c6,"Owl Tribe, Ruined Villa, Almuj Slums",,,FALSE,33,"Explore: Sundial Sanctum, Complete: Canyon Condor, Complete: WynnExcavation Site A, Complete: A Hunter's Calling, Visit: Ancient Excavation"
Sunrise Plateau,TRUE,34,Region,Item,00 01 00 bc,"Rymek, Eagle Tribe, Sunset Plateau",,,FALSE,34,"Explore: Shadow Spears Refuge, Explore: Gator Range, Explore: Gold Rush, Visit: Sunrise Plateau"
Rymek,TRUE,34,Region,Default,,"Sunrise Plateau, Ruined Prospect",,,FALSE,34,"Complete: Canyon Condor, Complete: Wrath of the Mummy, Complete: Temple of the Legends, Visit: Rymek"
Mummy's Tomb,TRUE,36,Region,Item,00 01 00 4d,Cascading Oasis,,,FALSE,36,"Complete: Wrath of the Mummy, Visit: Mummy's Tomb"
Orc Road,TRUE,39,Region,Item,00 01 00 53,"Llevigar Stables, Orc Lake, Loamsprout Orc Camp, Llevigar Gate",,,FALSE,39,"Complete: Clearing the Camps, Complete: Star Thief, Visit: Orc Road"
Entrance to Gavel,TRUE,39,Region,Item,00 01 00 ce,"Llevigar, Selchar",,,FALSE,39,"Explore: Gargoyle Fortress, Complete: Pirate's Trove, Visit: Entrance to Gavel"
Llevigar Gate,TRUE,39,Region,Item,00 01 00 cf,"Sanguine Spider Den, Llevigar Stables, Orc Road, Llevigar",,,FALSE,39,"Complete: Slay Orcs, Complete: Clearing the Camps, Visit: Llevigar Gate"
Sanguine Spider Den,TRUE,39,Region,Item,00 01 00 d0,"Llevigar Gate, Cliffhearth Orc Camp",,,FALSE,39,Visit: Sanguine Spider Den
Llevigar Stables,TRUE,39,Region,Item,00 01 00 d1,"Llevigar Gate, Cliffhearth Orc Camp, Trunkstump Goblin Camp, Orc Road",,,FALSE,39,Visit: Llevigar Stables
Cliffhearth Orc Camp,TRUE,39,Region,Item,00 01 00 d2,"Sanguine Spider Den, Llevigar Stables, Meteor Trail",,,FALSE,39,"Complete: Clearing the Camps, Visit: Cliffhearth Orc Camp"
Trunkstump Goblin Camp,TRUE,39,Region,Item,00 01 00 d4,"Llevigar Stables, Meteor Trail, Stonecave Orc Camp, Orc Lake",,,FALSE,39,"Complete: Clearing the Camps, Complete: Star Thief, Visit: Trunkstump Goblin Camp"
Llevigar,TRUE,39,Region,Default,,"Entrance to Gavel, Llevigar Gate, Karoc Quarry",,,FALSE,39,"Complete: Pirate's Trove, Complete: Heart of Llevigar, Complete: The Hero of Gavel, Visit: Llevigar"
Icy Island,TRUE,40,Region,Item,00 01 00 96,"Dujgon Nation, Nodguj Nation, Santa's Hideout",,,FALSE,40,Visit: Icy Island
Wolves' Den,TRUE,40,Region,Item,00 01 00 b2,"Bob's Tomb, Frigid Crossroads, Nesaak",,,FALSE,40,"Explore: Wolf Den, Complete: Ice Barrows, Complete: Slay Creatures of Nesaak Forest, Complete: Underice, Complete: Fate of the Fallen, Complete: A Hunter's Calling, Visit: Wolves' Den"
Nodguj Nation,TRUE,40,Region,Default,,"Dujgon Nation, Santa's Hideout, Icy Island, Selchar",,,FALSE,40,"Complete: Ice Nations, Visit: Nodguj Nation"
Dujgon Nation,TRUE,40,Region,Default,,"Nodguj Nation, Icy Island",,,FALSE,40,"Complete: Ice Nations, Visit: Dujgon Nation"
Orc Lake,TRUE,42,Region,Item,00 01 00 52,"Trunkstump Goblin Camp, Stonecave Orc Camp, Sunspark Orc Camp, Sablestone Orc Camp, Orc Road",,,FALSE,42,"Complete: Star Thief, Complete: Blazing Retribution, Visit: Orc Lake"
Meteor Trail,TRUE,42,Region,Item,00 01 00 d5,"Cliffhearth Orc Camp, Trunkstump Goblin Camp, Brigand Outpost",,,FALSE,42,"Complete: Star Thief, Visit: Meteor Trail"
Stonecave Orc Camp,TRUE,42,Region,Item,00 01 00 d7,"Trunkstump Goblin Camp, Brigand Outpost, Mudspring Orc Camp, Orc Lake, Sunspark Orc Camp",,,FALSE,42,"Complete: Star Thief, Visit: Stonecave Orc Camp"
Frigid Crossroads,TRUE,43,Region,Item,00 01 00 b3,"Wolves' Den, Frozen Homestead, Nesaak, Twain Lake, Icy Vigil, Icy Descent",,,FALSE,43,"Complete: Underice, Complete: Bob's Lost Soul, Visit: Frigid Crossroads"
Icy Descent,TRUE,44,Region,Item,00 01 00 91,"Tower of Ascension, Lusuco, Frigid Crossroads",,,FALSE,44,"Explore: Raging Survivor, Complete: Frost Bite, Visit: Icy Descent"
Sablestone Orc Camp,TRUE,44,Region,Item,00 01 00 ef,"Orc Lake, Meteor Crater, Loamsprout Orc Camp, Goblin Plains West",,,FALSE,44,"Complete: Blazing Retribution, Visit: Sablestone Orc Camp"
Loamsprout Orc Camp,TRUE,44,Region,Item,00 01 00 f0,"Orc Road, Sablestone Orc Camp, Llevigar Farm, Shineridge Orc Camp",,,FALSE,44,"Explore: Holehold Orc Camp, Complete: Blazing Retribution, Visit: Loamsprout Orc Camp"
Lusuco,TRUE,44,Region,Default,,Icy Descent,,,FALSE,44,"Explore: Raiders' Hideout, Explore: Submerged Coal Mine, Visit: Lusuco"
Twain Lake,TRUE,45,Region,Item,00 01 00 49,"Twain Mansion, Frigid Crossroads",,,FALSE,45,"Explore: Headless Hollow, Complete: WynnExcavation Site B, Complete: The House of Twain, Visit: Twain Lake"
Bob's Tomb,TRUE,45,Region,Item,00 01 00 4b,"Wolves' Den, Florist's Hut, Nesaak",,,FALSE,45,"Complete: Bob's Lost Soul, Complete: Reincarnation, Visit: Bob's Tomb"
Llevigar Farm,TRUE,45,Region,Item,00 01 00 57,"Loamsprout Orc Camp, Goblin Plains West, Goblin Plains East, Entrance to Bucie, Shineridge Orc Camp, Bucie Waterfall",,,FALSE,45,Visit: Llevigar Farm
Icy Vigil,TRUE,45,Region,Item,00 01 00 b6,"Frigid Crossroads, Great Bridge",,,FALSE,45,"Explore: Raging Survivor, Explore: Breaking Ice, Visit: Icy Vigil"
Karoc Quarry,TRUE,45,Region,Item,00 01 00 ea,"Shineridge Orc Camp, Harnort Compound, Llevigar",,,FALSE,45,"Complete: Rise of the Quartron, Visit: Karoc Quarry"
Shineridge Orc Camp,TRUE,45,Region,Item,00 01 00 ec,"Karoc Quarry, Bucie Waterfall, Loamsprout Orc Camp, Llevigar Farm",,,FALSE,45,"Explore: Shineridge Orc Camp, Complete: Rise of the Quartron, Visit: Shineridge Orc Camp"
Bucie Waterfall,TRUE,45,Region,Item,00 01 00 ed,"Harnort Compound, Shineridge Orc Camp, Entrance to Bucie, Llevigar Farm",,,FALSE,45,"Explore: Shineridge Orc Camp, Complete: From the Mountains, Visit: Bucie Waterfall"
Entrance to Bucie,TRUE,45,Region,Default,,"Llevigar Farm, Goblin Plains East, Centerworld Fortress, Bucie Waterfall",,,FALSE,45,Visit: Entrance to Bucie
Goblin Plains West,TRUE,46,Region,Item,00 01 00 56,"Sablestone Orc Camp, Iron Road, Llevigar Farm, Goblin Plains East",,,FALSE,46,"Complete: An Iron Heart Part I, Visit: Goblin Plains West"
Goblin Plains East,TRUE,46,Region,Item,00 01 00 59,"Goblin Plains West, Llevigar Farm, Forgotten Path, Entrance to Bucie",,,FALSE,46,"Explore: Secret Mine, Visit: Goblin Plains East"
Brigand Outpost,TRUE,46,Region,Item,00 01 00 d6,"Meteor Trail, Stonecave Orc Camp, Collapsed Emerald Mine",,,FALSE,46,"Explore: Sol Hive, Visit: Brigand Outpost"
Twain Mansion,TRUE,49,Region,Item,00 01 00 4a,Twain Lake,,,FALSE,49,"Complete: The House of Twain, Complete: A Grave Mistake, Visit: Twain Mansion"
Meteor Crater,TRUE,49,Region,Item,00 01 00 54,"Sunspark Orc Camp, Sablestone Orc Camp, Iron Road",,,FALSE,49,"Complete: An Iron Heart Part I, Complete: Master Piece, Visit: Meteor Crater"
Iron Road,TRUE,49,Region,Item,00 01 00 55,"Meteor Crater, Goblin Plains West, Forgotten Path, Lizardman Camp",,,FALSE,49,"Complete: An Iron Heart Part I, Visit: Iron Road"
Harnort Compound,TRUE,49,Region,Item,00 01 00 eb,"Karoc Quarry, Bucie Waterfall",,,FALSE,49,"Complete: Rise of the Quartron, Complete: From the Mountains, Visit: Harnort Compound"
Sunspark Orc Camp,TRUE,49,Region,Item,00 01 00 ee,"Stonecave Orc Camp, Mudspring Orc Camp, Orc Lake, Meteor Crater, Swamp Mountain Arch",,,FALSE,49,"Explore: Lily Pad Parkour, Complete: An Iron Heart Part I, Complete: Master Piece, Visit: Sunspark Orc Camp"
Entrance to Olux,TRUE,50,Region,Item,00 01 00 51,"Bloody Trail, Lizardman Lake, Lizardman Camp, Shady Shack, Olux",,,FALSE,50,"Complete: The Shadow of the Beast, Visit: Entrance to Olux"
Forgotten Path,TRUE,50,Region,Item,00 01 00 58,"Bloody Trail, Iron Road, Goblin Plains East",,,FALSE,50,Visit: Forgotten Path
Great Bridge,TRUE,50,Region,Item,00 01 00 b8,"Icy Vigil, Jungle Entrance",,,FALSE,50,Visit: Great Bridge
Jungle Entrance,TRUE,50,Region,Item,00 01 00 b9,"Great Bridge, Monte's Village, Herb Cave",,,FALSE,50,"Complete: Slay Slimes, Visit: Jungle Entrance"
Collapsed Emerald Mine,TRUE,50,Region,Item,00 01 00 d8,"Brigand Outpost, Mudspring Orc Camp, Ogre Den",,,FALSE,50,"Explore: Fire Swamp, Visit: Collapsed Emerald Mine"
Mudspring Orc Camp,TRUE,50,Region,Item,00 01 00 d9,"Stonecave Orc Camp, Collapsed Emerald Mine, Floral Peaks, Sunspark Orc Camp",,,FALSE,50,"Explore: Lily Pad Parkour, Explore: Fire Swamp, Visit: Mudspring Orc Camp"
Floral Peaks,TRUE,50,Region,Item,00 01 00 da,"Mudspring Orc Camp, Ogre Den, Maiden Tower, Swamp Mountain Arch",,,FALSE,50,"Explore: Lily Pad Parkour, Explore: Sewer Herps, Explore: Fire Swamp, Explore: Naga Dugout, Complete: Death Whistle, Visit: Floral Peaks"
Ogre Den,TRUE,50,Region,Item,00 01 00 db,"Collapsed Emerald Mine, Floral Peaks, Witching Road",,,FALSE,50,"Explore: Fire Swamp, Complete: The Maiden Tower, Visit: Ogre Den"
Witching Road,TRUE,50,Region,Item,00 01 00 dc,"Ogre Den, Maiden Tower, Infested Sinkhole",,,FALSE,50,"Explore: Swamp Hill, Complete: Death Whistle, Complete: The Worm Holes, Visit: Witching Road"
Maiden Tower,TRUE,50,Region,Item,00 01 00 dd,"Floral Peaks, Witching Road, Forgotten Burrows, Shady Shack",,,FALSE,50,"Explore: Swamp Hill, Explore: Sewer Herps, Complete: The Maiden Tower, Complete: Death Whistle, Visit: Maiden Tower"
Bloody Trail,TRUE,50,Region,Item,00 01 00 e0,"Lizardman Lake, Lizardman Camp, Entrance to Olux, Forgotten Path, Overtaken Outpost, Mangled Lake",,,FALSE,50,"Explore: Toads in a Hole, Explore: Sink Hole, Complete: Master Piece, Complete: The Shadow of the Beast, Complete: Reclaiming the House, Visit: Bloody Trail"
Lizardman Camp,TRUE,50,Region,Item,00 01 00 e3,"Bloody Trail, Entrance to Olux, Swamp Mountain Arch, Iron Road",,,FALSE,50,"Explore: Toads in a Hole, Complete: Master Piece, Visit: Lizardman Camp"
Swamp Mountain Arch,TRUE,50,Region,Item,00 01 00 e4,"Floral Peaks, Lizardman Camp, Shady Shack, Sunspark Orc Camp",,,FALSE,50,"Explore: Lily Pad Parkour, Complete: Master Piece, Visit: Swamp Mountain Arch"
Shady Shack,TRUE,50,Region,Item,00 01 00 e5,"Maiden Tower, Forgotten Burrows, Entrance to Olux, Swamp Mountain Arch",,,FALSE,50,"Complete: Slay Lizardmen, Visit: Shady Shack"
Olux,TRUE,50,Region,Default,,"Lizardman Lake, Olux Lumberyard, Entrance to Olux, Path to the Grootslangs",,,FALSE,50,"Explore: Maddening Mud, Complete: The Maiden Tower, Complete: Crop Failure, Complete: The Shadow of the Beast, Complete: An Iron Heart Part II, Visit: Olux"
Temple of Legends,TRUE,52,Region,Item,00 01 00 4c,"Troms Lake, Troms",,,FALSE,52,"Complete: Corrupted Betrayal, Complete: Temple of the Legends, Complete: A Hunter's Calling, Visit: Temple of Legends"
Herb Cave,TRUE,52,Region,Item,00 01 00 94,"Jungle Entrance, Troms Lake",,,FALSE,52,Visit: Herb Cave
Apprentice Huts,TRUE,52,Region,Item,00 01 00 ba,"Monte's Village, Iboju Village, Troms Lake",,,FALSE,52,"Explore: Thunder Grub Nest, Complete: Corrupted Betrayal, Visit: Apprentice Huts"
Troms Lake,TRUE,52,Region,Item,00 01 00 bb,"Apprentice Huts, Temple of Legends, Troms, Herb Cave",,,FALSE,52,"Explore: Trunk Garrison, Explore: Jungle Labyrinth, Complete: Undergrowth Ruins, Complete: Corrupted Betrayal, Visit: Troms Lake"
Monte's Village,TRUE,52,Region,Item,00 01 01 6c,"Jungle Entrance, Apprentice Huts",,,FALSE,52,"Explore: Thunder Grub Nest, Explore: Jungle Horrors, Explore: Rotten Altar, Complete: Corrupted Betrayal, Complete: Grand Youth, Visit: Monte's Village"
Troms,TRUE,52,Region,Default,,"Troms Lake, Temple of Legends",,,FALSE,52,"Complete: Corrupted Betrayal, Complete: The Passage, Complete: Out of my Mind, Complete: Lost Royalty, Complete: Grand Youth, Complete: WynnExcavation Site D, Complete: A Hunter's Calling, Visit: Troms"
Iboju Village,TRUE,52,Region,Default,,"Apprentice Huts, Fountain of Youth",,,FALSE,52,"Explore: Carnadile Den, Explore: Jade Well, Explore: Jungle Fetish Camp, Complete: Corrupted Betrayal, Complete: Jungle Fever, Complete: The Passage, Complete: Lost in the Jungle, Complete: Lost Royalty, Complete: Temple of the Legends, Visit: Iboju Village"
Infested Sinkhole,TRUE,53,Region,Item,00 01 00 de,"Witching Road, Forgotten Burrows, Secluded Workshop, Naga Lake",,,FALSE,53,"Complete: Death Whistle, Complete: The Worm Holes, Visit: Infested Sinkhole"
Forgotten Burrows,TRUE,53,Region,Item,00 01 00 df,"Maiden Tower, Infested Sinkhole, Shady Shack, Naga Lake, Path to the Grootslangs",,,FALSE,53,"Complete: The Worm Holes, Visit: Forgotten Burrows"
Lizardman Lake,TRUE,53,Region,Item,00 01 00 e1,"Bloody Trail, Olux Lumberyard, Entrance to Olux, Olux, Fading Forest",,,FALSE,53,"Explore: Maddening Mud, Complete: The Shadow of the Beast, Visit: Lizardman Lake"
Olux Lumberyard,TRUE,53,Region,Item,00 01 00 e2,"Lizardman Lake, Olux, Fading Forest",,,FALSE,53,Visit: Olux Lumberyard
Naga Lake,TRUE,54,Region,Item,00 01 00 e8,"Forgotten Burrows, Secluded Workshop, Path to the Grootslangs, Infested Sinkhole",,,FALSE,54,Visit: Naga Lake
Path to the Grootslangs,TRUE,54,Region,Item,00 01 00 e9,"Forgotten Burrows, Olux, Naga Lake",,,FALSE,54,"Complete: The Worm Holes, Visit: Path to the Grootslangs"
Fading Forest,TRUE,54,Region,Item,00 01 01 07,"Olux Lumberyard, Lizardman Lake, Gelibord Watermill, Castle Dullahan, Overtaken Outpost",,,FALSE,54,"Complete: Slay Wraiths & Phantasms, Complete: The Shadow of the Beast, Complete: Taproot, Visit: Fading Forest"
Skien's Island,TRUE,55,Region,Item,00 01 00 41,Selchar,,,FALSE,55,"Explore: Skien's Prison Block, Complete: Reincarnation, Visit: Skien's Island"
Zhight Island,TRUE,55,Region,Item,00 01 00 4e,Selchar,,,FALSE,55,"Complete: Zhight Island, Visit: Zhight Island"
Volcanic Excavation,TRUE,55,Region,Item,00 01 00 cd,"Volcanic Isles, Selchar",,,FALSE,55,"Complete: WynnExcavation Site C, Visit: Volcanic Excavation"
Scorpion Nest,TRUE,58,Region,Item,00 01 00 e6,Secluded Workshop,,,FALSE,58,Visit: Scorpion Nest
Secluded Workshop,TRUE,58,Region,Item,00 01 00 e7,"Infested Sinkhole, Scorpion Nest, Naga Lake",,,FALSE,58,"Complete: An Iron Heart Part II, Complete: A Hunter's Calling, Visit: Secluded Workshop"
Volcanic Isles,TRUE,58,Region,Item,00 01 01 6d,Volcanic Excavation,,,FALSE,58,"Explore: Volcanus Pit, Visit: Volcanic Isles"
Fountain of Youth,TRUE,60,Region,Item,00 01 01 58,"Entamis Village, Delnar Manor, Iboju Village",,,FALSE,60,"Explore: Subterranean Mine, Explore: Bird Sanctuary, Explore: Fallen Salient, Complete: WynnExcavation Site D, Visit: Fountain of Youth"
Pirate Town,TRUE,60,Region,Default,,Selchar,,,FALSE,60,"Complete: Beneath the Depths, Complete: Redbeard's Booty, Visit: Pirate Town"
Lost Atoll,TRUE,61,Region,Item,00 01 00 9a,Selchar,,,FALSE,61,"Complete: Galleon's Graveyard, Complete: Redbeard's Booty, Visit: Lost Atoll"
Overtaken Outpost,TRUE,61,Region,Item,00 01 01 08,"Fading Forest, Mangled Lake, Caritat Mansion, Bloody Trail",,,FALSE,61,"Complete: Reclaiming the House, Visit: Overtaken Outpost"
Mangled Lake,TRUE,61,Region,Item,00 01 01 09,"Bloody Trail, Overtaken Outpost, Caritat Mansion, Orc Battlegrounds",,,FALSE,61,"Explore: Fortress Catacombs, Explore: Earth Eaters, Complete: Reclaiming the House, Visit: Mangled Lake"
Entamis Village,TRUE,62,Region,Item,00 01 01 57,Fountain of Youth,,,FALSE,62,"Explore: Temple Entrance, Explore: The Heartwood, Explore: Basalt Basin, Complete: Slay Idols, Complete: Lost in the Jungle, Complete: WynnExcavation Site D, Complete: Troubled Tribesmen, Visit: Entamis Village"
Fleris Trail,TRUE,63,Region,Item,00 01 00 98,Road to Light Forest,,,FALSE,63,"Explore: Cultists Passage, Complete: From the Mountains, Visit: Fleris Trail"
Centerworld Fortress,TRUE,63,Region,Item,00 01 00 f1,"Entrance to Bucie, Road to Light Forest, Orc Battlegrounds",,,FALSE,63,"Complete: All Roads To Peace, Visit: Centerworld Fortress"
Road to Light Forest,TRUE,63,Region,Item,00 01 00 f2,"Centerworld Fortress, Wood Sprite Hideaway, Fleris Trail",,,FALSE,63,"Complete: From the Mountains, Visit: Road to Light Forest"
Orc Battlegrounds,TRUE,64,Region,Item,00 01 00 99,"Centerworld Fortress, Mangled Lake",,,FALSE,64,"Explore: Earth Eaters, Explore: Ledant Hill, Complete: All Roads To Peace, Visit: Orc Battlegrounds"
Gelibord Watermill,TRUE,64,Region,Item,00 01 01 05,"Gelibord, Castle Dullahan, Twisted Housing, Fading Forest",,,FALSE,64,"Complete: A Headless History, Complete: Lazarus Pit, Visit: Gelibord Watermill"
Castle Dullahan,TRUE,64,Region,Item,00 01 01 06,"Gelibord Watermill, Fading Forest",,,FALSE,64,"Explore: Dullahan Gardens, Complete: A Headless History, Complete: Lazarus Pit, Visit: Castle Dullahan"
Gelibord,TRUE,64,Region,Default,,"Enchanted River, Gelibord Watermill, Twisted Housing, Entrance to Kander",,,FALSE,64,"Explore: Elemental Hollow, Complete: Lazarus Pit, Complete: Forbidden Prison, Visit: Gelibord"
Twisted Housing,TRUE,66,Region,Item,00 01 00 5c,"Efilim, Enchanted River, Gelibord, Caritat Mansion, Gelibord Watermill",,,FALSE,66,"Explore: Elemental Hollow, Visit: Twisted Housing"
Caritat Mansion,TRUE,66,Region,Item,00 01 01 0a,"Overtaken Outpost, Mangled Lake, Twisted Housing",,,FALSE,66,"Complete: Memory Paranoia, Visit: Caritat Mansion"
Delnar Manor,TRUE,66,Region,Item,00 01 01 59,Fountain of Youth,,,FALSE,66,"Complete: Lost Soles, Visit: Delnar Manor"
Maro Peaks,TRUE,68,Region,Item,00 01 00 4f,Selchar,,,FALSE,68,"Complete: Temple of the Legends, Complete: Reincarnation, Visit: Maro Peaks"
Entrance to Kander,TRUE,69,Region,Item,00 01 00 5d,"Gelibord, Path to the Penitentiary, Faltach Manor, Path to Talor, Twisted Ridge",,,FALSE,69,Visit: Entrance to Kander
Twisted Ridge,TRUE,69,Region,Item,00 01 00 95,"Path to the Penitentiary, Entrance to Kander, Lexdale Penitentiary",,,FALSE,69,"Explore: Visceral Remant, Complete: Lazarus Pit, Visit: Twisted Ridge"
Guardian of the Forest,TRUE,69,Region,Item,00 01 00 f6,"Efilim Crossroads, Wood Sprite Hideaway, Unicorn Trail",,,FALSE,69,"Explore: Nymph Towers, Complete: Finding the Light, Visit: Guardian of the Forest"
Wood Sprite Hideaway,TRUE,69,Region,Item,00 01 00 f7,"Guardian of the Forest, Path to Light's Secret, Dodegar's Forge, Road to Light Forest",,,FALSE,69,"Complete: The Ultimate Weapon, Visit: Wood Sprite Hideaway"
Mantis Nest,TRUE,70,Region,Item,00 01 00 5a,"Aldorei Valley Outskirts, Myconid Descent, Mycelial Expanse, Chasm Overlook, Aldorei Springs",,,FALSE,70,"Complete: Finding the Light, Visit: Mantis Nest"
Path to Cinfras,TRUE,70,Region,Item,00 01 00 5b,"The Forgery, Entrance to Cinfras, Mesquis Tower",,,FALSE,70,"Explore: Recluse Nest, Visit: Path to Cinfras"
Lifeless Forest,TRUE,70,Region,Item,00 01 00 c9,"Disturbed Crypt, Derelict Mansion",,,FALSE,70,"Complete: Haven Antiquity, Visit: Lifeless Forest"
Disturbed Crypt,TRUE,70,Region,Item,00 01 00 ca,"Lifeless Forest, Dreary Docks",,,FALSE,70,"Complete: Haven Antiquity, Visit: Disturbed Crypt"
Derelict Mansion,TRUE,70,Region,Item,00 01 00 cb,"Lifeless Forest, Dreary Docks",,,FALSE,70,"Complete: Haven Antiquity, Visit: Derelict Mansion"
Dreary Docks,TRUE,70,Region,Item,00 01 00 cc,"Disturbed Crypt, Derelict Mansion, Selchar",,,FALSE,70,"Complete: Slay Dead Villagers, Complete: Haven Antiquity, Visit: Dreary Docks"
Efilim Crossroads,TRUE,70,Region,Item,00 01 00 f3,"Efilim, Path to the Forgery, Guardian of the Forest",,,FALSE,70,Visit: Efilim Crossroads
Minotaur Barbecue,TRUE,70,Region,Item,00 01 00 f4,"Efilim, Path to the Forgery",,,FALSE,70,Visit: Minotaur Barbecue
Path to the Forgery,TRUE,70,Region,Item,00 01 00 f5,"Efilim Crossroads, Minotaur Barbecue, Unicorn Trail, The Forgery",,,FALSE,70,Visit: Path to the Forgery
Myconid Descent,TRUE,70,Region,Item,00 01 00 fa,"Chasm Chokepoint, Mantis Nest",,,FALSE,70,Visit: Myconid Descent
Chasm Chokepoint,TRUE,70,Region,Item,00 01 00 fb,"Myconid Descent, Chasm Overlook, Entrance to Cinfras",,,FALSE,70,"Explore: Recluse Nest, Visit: Chasm Chokepoint"
Dodegar's Forge,TRUE,70,Region,Item,00 01 00 fd,"Wood Sprite Hideaway, Luxuriant Pond, Unicorn Trail, Mycelial Expanse",,,FALSE,70,"Complete: Slay Myconids, Complete: The Ultimate Weapon, Visit: Dodegar's Forge"
Unicorn Trail,TRUE,70,Region,Item,00 01 00 fe,"Path to the Forgery, Guardian of the Forest, Dodegar's Forge, Collapsed Bridge",,,FALSE,70,Visit: Unicorn Trail
The Forgery,TRUE,70,Region,Item,00 01 00 ff,"Path to the Forgery, Path to Cinfras",,,FALSE,70,"Complete: Corrupted Decrepit Sewers, Complete: Corrupted Infested Pit, Complete: Corrupted Lost Sanctuary, Complete: Corrupted Underworld Crypt, Complete: Corrupted Sand-Swept Tomb, Complete: Corrupted Ice Barrows, Complete: Corrupted Undergrowth Ruins, Complete: Corrupted Galleon's Graveyard, Visit: The Forgery"
Collapsed Bridge,TRUE,70,Region,Item,00 01 01 00,"Unicorn Trail, Mycelial Expanse, Chasm Overlook",,,FALSE,70,Visit: Collapsed Bridge
Mycelial Expanse,TRUE,70,Region,Item,00 01 01 01,"Dodegar's Forge, Collapsed Bridge, The Shiar, Mantis Nest",,,FALSE,70,"Complete: The Ultimate Weapon, Visit: Mycelial Expanse"
Chasm Overlook,TRUE,70,Region,Item,00 01 01 03,"Chasm Chokepoint, Collapsed Bridge, Mantis Nest",,,FALSE,70,"Explore: Recluse Nest, Visit: Chasm Overlook"
Enchanted River,TRUE,70,Region,Item,00 01 01 04,"Gelibord, Twisted Housing, Faltach Manor",,,FALSE,70,Visit: Enchanted River
Entrance to Cinfras,TRUE,70,Region,Item,00 01 01 11,"Cinfras, Chasm Chokepoint, Path to Cinfras, Mesquis Tower",,,FALSE,70,"Explore: Recluse Nest, Explore: Bovine Bedrock, Complete: Slay Weirds, Complete: Murder Mystery, Visit: Entrance to Cinfras"
Cinfras,TRUE,70,Region,Default,,"Entrance to Cinfras, Guild Hall, Cinfras Outskirts, Aldorei River",,,FALSE,70,"Complete: Finding the Light, Complete: Murder Mystery, Complete: Fallen Delivery, Complete: The Hero of Gavel, Visit: Cinfras"
Efilim,TRUE,70,Region,Default,,"Efilim Crossroads, Minotaur Barbecue, Twisted Housing",,,FALSE,70,"Complete: Shattered Minds, Visit: Efilim"
Path to Light's Secret,TRUE,71,Region,Item,00 01 00 f8,"Wood Sprite Hideaway, Luxuriant Pond, Heavenly Ingress",,,FALSE,71,Visit: Path to Light's Secret
Aldorei Valley Outskirts,TRUE,71,Region,Item,00 01 00 f9,"The Shiar, Mantis Nest, Aldorei Springs",,,FALSE,71,"Complete: Finding the Light, Visit: Aldorei Valley Outskirts"
Luxuriant Pond,TRUE,71,Region,Item,00 01 00 fc,"Path to Light's Secret, Dodegar's Forge, The Shiar",,,FALSE,71,"Complete: The Ultimate Weapon, Visit: Luxuriant Pond"
The Shiar,TRUE,71,Region,Item,00 01 01 02,"Aldorei Valley Outskirts, Luxuriant Pond, Mycelial Expanse, Light Peninsula",,,FALSE,71,"Complete: Finding the Light, Complete: The Ultimate Weapon, Visit: The Shiar"
Aldorei Valley,TRUE,71,Region,Item,00 01 01 1e,"Outer Aldorei Town, Aldorei Cliffside Waterfalls",,,FALSE,71,"Explore: Shroom Sleeper Dugout, Complete: Aldorei's Secret Part I, Complete: Aldorei's Secret Part II, Visit: Aldorei Valley"
Aldorei River,TRUE,71,Region,Item,00 01 01 1f,"Felroc Fields, Cinfras",,,FALSE,71,Visit: Aldorei River
Aldorei Cliffside Waterfalls,TRUE,71,Region,Item,00 01 01 20,"Big Mushroom Cave, Aldorei Valley, Felroc Fields",,,FALSE,71,"Complete: Aldorei's Secret Part II, Visit: Aldorei Cliffside Waterfalls"
Felroc Fields,TRUE,71,Region,Item,00 01 01 68,"Cinfras's Small Farm, Aldorei River, Aldorei Cliffside Waterfalls",,,FALSE,71,Visit: Felroc Fields
Mesquis Tower,TRUE,72,Region,Item,00 01 00 5e,"Path to Cinfras, Faltach Manor, Kander Mines, Entrance to Cinfras",,,FALSE,72,"Explore: Mesquis Tower, Visit: Mesquis Tower"
Kander Mines,TRUE,72,Region,Item,00 01 00 5f,"Faltach Manor, Mesquis Tower, Path to Talor, Dark Forest Village",,,FALSE,72,Visit: Kander Mines
Path to Talor,TRUE,72,Region,Item,00 01 00 60,"Entrance to Kander, Dark Forest Village, Talor Cemetery, Old Crossroads, Kander Mines, Viscera Pits",,,FALSE,72,"Explore: Mystifying Stump, Visit: Path to Talor"
Dark Forest Village,TRUE,72,Region,Item,00 01 00 61,"Kander Mines, Path to Talor, Talor Cemetery, Cinfras Outskirts",,,FALSE,72,"Complete: Hollow Serenity, Visit: Dark Forest Village"
Fungal Grove,TRUE,72,Region,Item,00 01 00 62,"Talor Cemetery, Old Crossroads, Decayed Basin, Weird Clearing, Cinfras Outskirts",,,FALSE,72,"Explore: Weirding Ring, Visit: Fungal Grove"
Decayed Basin,TRUE,72,Region,Item,00 01 00 63,"Lexdale, Fungal Grove, Heart of Decay, Mushroom Hill",,,FALSE,72,"Complete: Lexdale Witch Trials, Visit: Decayed Basin"
Heart of Decay,TRUE,72,Region,Item,00 01 00 64,"Lexdale, Decayed Basin, Mushroom Hill",,,FALSE,72,"Complete: Lexdale Witch Trials, Visit: Heart of Decay"
Mushroom Hill,TRUE,72,Region,Item,00 01 00 65,"Decayed Basin, Heart of Decay, Weird Clearing, Jitak's Farm",,,FALSE,72,"Explore: Kander Crypt, Explore: Bandit Groundbreaking, Complete: Hollow Serenity, Complete: Hunger of the Gerts Part I, Visit: Mushroom Hill"
Fallen Village,TRUE,72,Region,Item,00 01 00 66,"Weird Clearing, Gylia Research Cabin, Cinfras Outskirts",,,FALSE,72,"Complete: Purple and Blue, Visit: Fallen Village"
Cinfras Outskirts,TRUE,72,Region,Item,00 01 00 92,"Dark Forest Village, Talor Cemetery, Fungal Grove, Fallen Village, Cinfras",,,FALSE,72,"Explore: Weirding Ring, Explore: Burning Bog, Visit: Cinfras Outskirts"
Light Peninsula,TRUE,72,Region,Item,00 01 00 b0,The Shiar,,,FALSE,72,"Explore: Weird Wilds, Visit: Light Peninsula"
Lexdale Penitentiary,TRUE,72,Region,Item,00 01 01 0b,"Path to the Penitentiary, Twisted Ridge",,,FALSE,72,"Complete: Forbidden Prison, Visit: Lexdale Penitentiary"
Path to the Penitentiary,TRUE,72,Region,Item,00 01 01 0c,"Lexdale Penitentiary, Entrance to Kander, Viscera Pits, Twisted Ridge",,,FALSE,72,Visit: Path to the Penitentiary
Faltach Manor,TRUE,72,Region,Item,00 01 01 0d,"Enchanted River, Entrance to Kander, Mesquis Tower, Kander Mines",,,FALSE,72,"Complete: Hollow Serenity, Visit: Faltach Manor"
Viscera Pits,TRUE,72,Region,Item,00 01 01 0e,"Path to the Penitentiary, Path to Talor, Lexdale",,,FALSE,72,"Explore: Flesh Mesh, Visit: Viscera Pits"
Talor Cemetery,TRUE,72,Region,Item,00 01 01 0f,"Path to Talor, Dark Forest Village, Old Crossroads, Fungal Grove, Cinfras Outskirts",,,FALSE,72,"Explore: Mystifying Stump, Visit: Talor Cemetery"
Old Crossroads,TRUE,72,Region,Item,00 01 01 10,"Path to Talor, Talor Cemetery, Lexdale, Fungal Grove",,,FALSE,72,"Explore: Mystifying Stump, Complete: Lexdale Witch Trials, Visit: Old Crossroads"
Weird Clearing,TRUE,72,Region,Item,00 01 01 12,"Fungal Grove, Mushroom Hill, Fallen Village, Gylia Lakehouse",,,FALSE,72,"Complete: Purple and Blue, Visit: Weird Clearing"
Lexdale,TRUE,72,Region,Default,,"Viscera Pits, Old Crossroads, Decayed Basin, Heart of Decay",,,FALSE,72,"Complete: Lexdale Witch Trials, Visit: Lexdale"
Cinfras's Small Farm,TRUE,73,Region,Item,00 01 00 68,"Big Mushroom Cave, Paper Trail, Silverbull Headquarters, Felroc Fields",,,FALSE,73,"Explore: Raiders' Rockhill, Complete: Fallen Delivery, Visit: Cinfras's Small Farm"
Big Mushroom Cave,TRUE,73,Region,Item,00 01 01 13,"Cinfras's Small Farm, Aldorei Cliffside Waterfalls, Waterfall Cave",,,FALSE,73,"Explore: Raiders' Rockhill, Complete: The Bigger Picture, Visit: Big Mushroom Cave"
Paper Trail,TRUE,73,Region,Item,00 01 01 14,"Cinfras's Small Farm, Silverbull Headquarters, Waterfall Cave",,,FALSE,73,Visit: Paper Trail
Waterfall Cave,TRUE,73,Region,Item,00 01 01 21,"Big Mushroom Cave, Paper Trail, Pine Pillar Forest",,,FALSE,73,"Explore: Raiders' Rockhill, Visit: Waterfall Cave"
Guild Hall,TRUE,74,Region,Item,00 01 00 67,Cinfras,,,FALSE,74,"Explore: Root Slingers' Rut, Complete: Slay Felrocs, Complete: Acquiring Credentials, Complete: Flight in Distress, Complete: Fallen Delivery, Visit: Guild Hall"
Aldorei Springs,TRUE,74,Region,Item,00 01 01 1c,"Aldorei Valley Outskirts, Outer Aldorei Town, Mantis Nest",,,FALSE,74,"Explore: Shock Shrine, Complete: Aldorei's Secret Part I, Visit: Aldorei Springs"
Outer Aldorei Town,TRUE,74,Region,Item,00 01 01 1d,"Aldorei Springs, Aldorei Valley",,,FALSE,74,"Complete: Aldorei's Secret Part I, Complete: Aldorei's Secret Part II, Visit: Outer Aldorei Town"
Tower of Ascension,TRUE,75,Region,Item,00 01 00 47,Icy Descent,,,FALSE,75,"Complete: Tower of Ascension, Visit: Tower of Ascension"
Gert Camp,TRUE,77,Region,Item,00 01 00 69,"Gylia Watchtower, Jitak's Farm",,,FALSE,77,"Complete: Hunger of the Gerts Part I, Complete: Hunger of the Gerts Part II, Visit: Gert Camp"
Jitak's Farm,TRUE,77,Region,Item,00 01 00 6a,"Mushroom Hill, Gylia Lakehouse, Gert Camp",,,FALSE,77,"Complete: Hunger of the Gerts Part I, Visit: Jitak's Farm"
Cosmic Fissures,TRUE,77,Region,Item,00 01 01 18,"Gylia Fisherman Camp, Gylia Research Cabin, Gylia Watchtower, Thanos",,,FALSE,77,"Complete: Purple and Blue, Visit: Cosmic Fissures"
Gylia Research Cabin,TRUE,77,Region,Item,00 01 01 19,"Fallen Village, Cosmic Fissures, Gylia Lakehouse",,,FALSE,77,"Complete: Purple and Blue, Visit: Gylia Research Cabin"
Gylia Lakehouse,TRUE,77,Region,Item,00 01 01 1a,"Weird Clearing, Gylia Research Cabin, Gylia Watchtower, Jitak's Farm",,,FALSE,77,"Complete: Purple and Blue, Visit: Gylia Lakehouse"
Gylia Watchtower,TRUE,77,Region,Item,00 01 01 1b,"Cosmic Fissures, Gylia Lakehouse, Kitrios Barracks, Gert Camp",,,FALSE,77,"Complete: Hunger of the Gerts Part I, Complete: Hunger of the Gerts Part II, Visit: Gylia Watchtower"
Burning Farm,TRUE,79,Region,Item,00 01 00 6b,"Evergreen Outbreak, Burning Airship",,,FALSE,79,"Complete: Fallen Delivery, Visit: Burning Farm"
Burning Airship,TRUE,79,Region,Item,00 01 00 6c,"Burning Farm, Secluded Ponds, Bandit Cave",,,FALSE,79,"Complete: Fallen Delivery, Visit: Burning Airship"
Heavenly Ingress,TRUE,79,Region,Item,00 01 00 aa,"Field of Life, Path to Light's Secret",,,FALSE,79,"Complete: The Realm of Light, Visit: Heavenly Ingress"
Luminous Plateau,TRUE,79,Region,Item,00 01 00 ab,Field of Life,,,FALSE,79,"Complete: The Realm of Light, Visit: Luminous Plateau"
Primal Fen,TRUE,79,Region,Item,00 01 00 ac,Field of Life,,,FALSE,79,"Complete: The Realm of Light, Visit: Primal Fen"
Azure Frontier,TRUE,79,Region,Item,00 01 00 ad,"Field of Life, Path to Light, Otherworldly Monolith, Nexus of Light",,,FALSE,79,"Explore: Tree of Light, Explore: Cave of the Seasons, Complete: The Realm of Light, Visit: Azure Frontier"
Path to Light,TRUE,79,Region,Item,00 01 00 ae,"Azure Frontier, Otherworldly Monolith",,,FALSE,79,"Complete: The Realm of Light, Visit: Path to Light"
Nexus of Light,TRUE,79,Region,Item,00 01 00 af,Azure Frontier,,,FALSE,79,"Complete: The Realm of Light, Visit: Nexus of Light"
Field of Life,TRUE,79,Region,Item,00 01 00 b1,"Luminous Plateau, Heavenly Ingress, Primal Fen, Azure Frontier",,,FALSE,79,"Explore: Cave of the Seasons, Visit: Field of Life"
Silverbull Headquarters,TRUE,79,Region,Item,00 01 01 15,"Paper Trail, Celestial Impact, Cinfras's Small Farm",,,FALSE,79,"Complete: Fallen Delivery, Visit: Silverbull Headquarters"
Celestial Impact,TRUE,79,Region,Item,00 01 01 16,"Silverbull Headquarters, Gylia Fisherman Camp, Secluded Ponds",,,FALSE,79,Visit: Celestial Impact
Gylia Fisherman Camp,TRUE,79,Region,Item,00 01 01 17,"Celestial Impact, Cosmic Fissures, Path to Thanos",,,FALSE,79,Visit: Gylia Fisherman Camp
Pine Pillar Forest,TRUE,79,Region,Item,00 01 01 23,"Waterfall Cave, Timeworn Arch, Evergreen Outbreak",,,FALSE,79,Visit: Pine Pillar Forest
Evergreen Outbreak,TRUE,79,Region,Item,00 01 01 24,"Pine Pillar Forest, Burning Farm",,,FALSE,79,Visit: Evergreen Outbreak
Otherworldly Monolith,TRUE,79,Region,Item,00 01 01 6b,"Azure Frontier, Path to Light",,,FALSE,79,"Explore: Cave of the Seasons, Complete: The Realm of Light, Visit: Otherworldly Monolith"
Silent Road,FALSE,,Region,Item,00 01 00 45,"Mine Base Plains, Broken Road",,,FALSE,100,"Complete: A Journey Beyond, Visit: Silent Road"
Thanos Exit,FALSE,,Region,Item,00 01 00 6d,"Illuminant Path, Thanos Underpass",,,FALSE,97,"Complete: The Breaking Point, Visit: Thanos Exit"
Canyon Dropoff,FALSE,,Region,Item,00 01 00 6e,"Rocky Bend, Featherfall Cliffs",,,FALSE,85,"Complete: The Lost, Visit: Canyon Dropoff"
Krolton's Cave,FALSE,,Region,Item,00 01 00 6f,"Harpy's Haunt North, Wizard Tower, Bantisu Approach, Hobgoblin's Hoard",,,FALSE,84,"Complete: The Canyon Guides, Complete: Beyond the Grave, Visit: Krolton's Cave"
Canyon High Path,FALSE,,Region,Item,00 01 00 70,"Illuminant Path, Path to the Dojo, Wanderer's Way",,,FALSE,85,"Explore: Deserter's Camp, Explore: Watery Waterfall, Visit: Canyon High Path"
Kandon Farm,FALSE,,Region,Item,00 01 00 72,Kandon Ridge,,,FALSE,85,"Explore: Demolition Derby, Explore: Chiseler's Cavern, Complete: Recipe For Disaster, Visit: Kandon Farm"
Cliffside Passage North,FALSE,,Region,Item,00 01 00 73,"Cliffside Passage South, Thesead Underpass",,,FALSE,0,Visit: Cliffside Passage North
Ranol's Farm,FALSE,,Region,Item,00 01 00 74,"Cherry Blossom Grove, Thesead Suburbs, Eltom",,,FALSE,80,"Explore: Gorgon Gorge, Explore: Blaze Springs, Complete: Cowfusion, Visit: Ranol's Farm"
Thesead Suburbs,FALSE,,Region,Item,00 01 00 75,"Displaced Housing, Ranol's Farm, Entrance to Molten Heights, Thesead",,,FALSE,85,"Explore: Blaze Springs, Visit: Thesead Suburbs"
Crater Descent,FALSE,,Region,Item,00 01 00 76,"Dogun Ritual Site, Lava Lakes, Rodoroc",,,FALSE,92,"Complete: Dwarves and Doguns Part II, Complete: Dwarves and Doguns Part IV, Complete: The Breaking Point, Visit: Crater Descent"
Temple Island,FALSE,,Region,Item,00 01 00 77,"Ahmsord, Swamp Island, Snail Island, Kandon Ridge, Central Islands",,,FALSE,97,"Explore: Angel Falls, Visit: Temple Island"
Snail Island,FALSE,,Region,Item,00 01 00 78,"Temple Island, Dragonling Nests",,,FALSE,94,"Explore: Azurite Island, Complete: Slay Angels, Complete: Recipe For Disaster, Visit: Snail Island"
Corkus Castle,FALSE,,Region,Item,00 01 00 79,"Corkus City, Selchar",,,FALSE,83,"Complete: The Envoy Part I, Complete: The Envoy Part II, Complete: The Feathers Fly Part II, Complete: A Hunter's Calling, Visit: Corkus Castle"
Fallen Factory,FALSE,,Region,Item,00 01 00 7a,"Corkus City Crossroads, Industrial Clearing, Ruined Houses, Relos, Corkus Sea Cove",,,FALSE,90,"Complete: Fallen Factory, Visit: Fallen Factory"
Corkus City Mine,FALSE,,Region,Item,00 01 00 7b,"Road to Mine, Founder's Statue, Corkus Sea Cove",,,FALSE,0,Visit: Corkus City Mine
Ruined Houses,FALSE,,Region,Item,00 01 00 7c,"Fallen Factory, Industrial Clearing, Relos",,,FALSE,0,Visit: Ruined Houses
Avos Temple,FALSE,,Region,Item,00 01 00 7d,"Ava's Workshop, Bloody Beach, Retrofitted Manufactory",,,FALSE,89,"Complete: The Envoy Part II, Visit: Avos Temple"
Bloody Beach,FALSE,,Region,Item,00 01 00 7e,"Avos Temple, Corkus Outskirts",,,FALSE,0,Visit: Bloody Beach
Corkus Outskirts,FALSE,,Region,Item,00 01 00 7f,"Retrofitted Manufactory, Founder's Statue, Bloody Beach",,,FALSE,91,"Complete: Slay Astrochelys Manis, Complete: The Feathers Fly Part I, Visit: Corkus Outskirts"
Frozen Fort,FALSE,,Region,Item,00 01 00 80,Sky Falls,,,FALSE,0,Visit: Frozen Fort
Sky Castle,FALSE,,Region,Item,00 01 00 81,Path to Ahmsord,,,FALSE,95,"Explore: The Donjon, Visit: Sky Castle"
Kandon Ridge,FALSE,,Region,Item,00 01 00 82,"Kandon Farm, Aerial Descent, Old Coal Mine, Temple Island",,,FALSE,89,"Explore: Chiseler's Cavern, Explore: Ovine Spire, Visit: Kandon Ridge"
Old Coal Mine,FALSE,,Region,Item,00 01 00 83,Kandon Ridge,,,FALSE,89,"Explore: Chiseler's Cavern, Explore: Overgrown Rubble, Visit: Old Coal Mine"
Dragonling Nests,FALSE,,Region,Item,00 01 00 84,"Snail Island, Astraulus' Tower",,,FALSE,95,"Explore: Lamprophis Lair, Explore: Forgotten Excavation, Visit: Dragonling Nests"
Astraulus' Tower,FALSE,,Region,Item,00 01 00 85,"Dragonling Nests, Swamp Island",,,FALSE,96,"Complete: Recipe For Disaster, Visit: Astraulus' Tower"
Molten Reach,FALSE,,Region,Item,00 01 00 86,"Dogun Ritual Site, Angel Refuge",,,FALSE,0,Visit: Molten Reach
Ahmsord Outskirts,FALSE,,Region,Item,00 01 00 87,"Swamp Island, Angel Refuge, Wybel Island, Central Islands",,,FALSE,0,Visit: Ahmsord Outskirts
Swamp Island,FALSE,,Region,Item,00 01 00 88,"Temple Island, Astraulus' Tower, Ahmsord Outskirts",,,FALSE,96,"Complete: Recipe For Disaster, Visit: Swamp Island"
Angel Refuge,FALSE,,Region,Item,00 01 00 89,"Molten Reach, Ahmsord Outskirts",,,FALSE,96,"Explore: Windwalker Temple, Complete: The Hero of Gavel, Visit: Angel Refuge"
Wybel Island,FALSE,,Region,Item,00 01 00 8a,"Ahmsord Outskirts, Central Islands, Sky Falls",,,FALSE,93,"Explore: Scarred Ingress, Visit: Wybel Island"
Central Islands,FALSE,,Region,Item,00 01 00 8b,"Ahmsord, Temple Island, Ahmsord Outskirts, Wybel Island, Sky Island Ascent",,,FALSE,93,"Explore: Scarred Ingress, Visit: Central Islands"
Sky Island Ascent,FALSE,,Region,Item,00 01 00 8c,"Central Islands, Sky Falls, Raiders' Stronghold, Jofash Tunnel, Ahmsord",,,FALSE,99,"Complete: Slay Dragonlings, Visit: Sky Island Ascent"
Sky Falls,FALSE,,Region,Item,00 01 00 8d,"Frozen Fort, Wybel Island, Sky Island Ascent",,,FALSE,0,Visit: Sky Falls
Jofash Tunnel,FALSE,,Region,Item,00 01 00 8e,"Sky Island Ascent, Jofash Docks",,,FALSE,95,"Explore: Sky Shroom, Visit: Jofash Tunnel"
Jofash Docks,FALSE,,Region,Item,00 01 00 8f,"Jofash Tunnel, Regular Island",,,FALSE,90,"Complete: Fantastic Voyage, Complete: Recipe For Disaster, Visit: Jofash Docks"
Santa's Hideout,FALSE,,Region,Item,00 01 00 90,"Icy Island, Nodguj Nation",,,FALSE,0,Visit: Santa's Hideout
Regular Island,FALSE,,Region,Item,00 01 00 93,Jofash Docks,,,FALSE,0,Visit: Regular Island
Royal Gate,FALSE,,Region,Item,00 01 00 97,"Lighthouse Lookout, Fort Torann",,,FALSE,103,"Complete: Queen's Recruit, Complete: A Journey Home, Visit: Royal Gate"
Southern Outpost,FALSE,,Region,Item,00 01 00 9b,"Legendary Island, Balloon Airbase",,,FALSE,0,Visit: Southern Outpost
Corkus Sea Cove,FALSE,,Region,Item,00 01 00 9c,"Fallen Factory, Road to Mine, Corkus City Mine, Relos",,,FALSE,89,"Complete: The Envoy Part II, Visit: Corkus Sea Cove"
Worm Tunnel,FALSE,,Region,Item,00 01 00 9d,"Broken Road, Grey Ruins",,,FALSE,100,"Complete: A Journey Beyond, Visit: Worm Tunnel"
Grey Ruins,FALSE,,Region,Item,00 01 00 9e,"Worm Tunnel, Forgotten Town",,,FALSE,100,"Complete: The Olmic Rune, Complete: A Journey Beyond, Visit: Grey Ruins"
Forgotten Town,FALSE,,Region,Item,00 01 00 9f,"Grey Ruins, Forest of Eyes",,,FALSE,100,"Complete: The Olmic Rune, Complete: A Journey Beyond, Visit: Forgotten Town"
Forest of Eyes,FALSE,,Region,Item,00 01 00 a0,"Forgotten Town, Sinister Forest",,,FALSE,0,Visit: Forest of Eyes
Sinister Forest,FALSE,,Region,Item,00 01 00 a1,"Forest of Eyes, Lutho",,,FALSE,0,Visit: Sinister Forest
Paths of Sludge,FALSE,,Region,Item,00 01 00 a2,"Lutho, Toxic Drip",,,FALSE,101,"Complete: A Journey Further, Visit: Paths of Sludge"
Toxic Drip,FALSE,,Region,Item,00 01 00 a3,"Paths of Sludge, Toxic Caves, Gateway to Nothing",,,FALSE,101,"Complete: A Journey Further, Visit: Toxic Drip"
Toxic Caves,FALSE,,Region,Item,00 01 00 a4,Toxic Drip,,,FALSE,0,Visit: Toxic Caves
Gateway to Nothing,FALSE,,Region,Item,00 01 00 a5,"Toxic Drip, Void Valley, Final Step",,,FALSE,101,"Complete: A Journey Further, Visit: Gateway to Nothing"
Void Valley,FALSE,,Region,Item,00 01 00 a6,Gateway to Nothing,,,FALSE,0,Visit: Void Valley
Final Step,FALSE,,Region,Item,00 01 00 a7,"Gateway to Nothing, Bizarre Passage",,,FALSE,101,"Complete: Eldrich Outlook, Complete: A Journey Further, Visit: Final Step"
Bizarre Passage,FALSE,,Region,Item,00 01 00 a8,"Final Step, The Gate",,,FALSE,103,"Complete: A Hunter's Calling, Visit: Bizarre Passage"
The Gate,FALSE,,Region,Item,00 01 00 a9,Bizarre Passage,,,FALSE,103,"Complete: A Hunter's Calling, Visit: The Gate"
The Hive,FALSE,,Region,Item,00 01 00 d3,"Path to the Dojo, Illuminant Path",,,FALSE,100,"Complete: The Qira Hive, Visit: The Hive"
Timeworn Arch,FALSE,,Region,Item,00 01 01 22,"Pine Pillar Forest, Panda Path",,,FALSE,88,"Explore: Cyclopes' Shrine, Visit: Timeworn Arch"
Secluded Ponds,FALSE,,Region,Item,00 01 01 25,"Burning Airship, Path to Thanos, Celestial Impact, Path to Ozoth's Spire",,,FALSE,0,Visit: Secluded Ponds
Path to Thanos,FALSE,,Region,Item,00 01 01 26,"Secluded Ponds, Thanos, Gylia Fisherman Camp, Path to Ozoth's Spire",,,FALSE,0,Visit: Path to Thanos
Kitrios Armory,FALSE,,Region,Item,00 01 01 27,"Thanos, Kitrios Barracks",,,FALSE,80,"Complete: General's Orders, Visit: Kitrios Armory"
Kitrios Barracks,FALSE,,Region,Item,00 01 01 28,"Kitrios Armory, Colourful Mountaintop, Gylia Watchtower",,,FALSE,80,"Complete: General's Orders, Visit: Kitrios Barracks"
Colourful Mountaintop,FALSE,,Region,Item,00 01 01 29,"Kitrios Barracks, Troll's Challenge",,,FALSE,80,"Explore: Drone's Retreat, Complete: General's Orders, Visit: Colourful Mountaintop"
Upper Thanos,FALSE,,Region,Item,00 01 01 2a,"Thanos, Troll's Challenge",,,FALSE,97,"Complete: The Breaking Point, Visit: Upper Thanos"
Molten Passage,FALSE,,Region,Item,00 01 01 2b,"Path to Ozoth's Spire, Canyon Walkway",,,FALSE,97,"Complete: The Breaking Point, Visit: Molten Passage"
Path to Ozoth's Spire,FALSE,,Region,Item,00 01 01 2c,"Path to Thanos, Molten Passage, Inhospitable Mountain, Secluded Ponds",,,FALSE,81,"Complete: The Thanos Depository, Complete: The Breaking Point, Visit: Path to Ozoth's Spire"
Inhospitable Mountain,FALSE,,Region,Item,00 01 01 2d,"Path to Ozoth's Spire, Perilous Grotto",,,FALSE,81,"Complete: The Thanos Depository, Visit: Inhospitable Mountain"
Bandit Cave,FALSE,,Region,Item,00 01 01 2e,Burning Airship,,,FALSE,0,Visit: Bandit Cave
Cascading Basins,FALSE,,Region,Item,00 01 01 2f,"Cyclospordial Hazard, Wayward Split",,,FALSE,0,Visit: Cascading Basins
Cyclospordial Hazard,FALSE,,Region,Item,00 01 01 30,"Cascading Basins, Winding Waters, Turncoat Turnabout",,,FALSE,0,Visit: Cyclospordial Hazard
Winding Waters,FALSE,,Region,Item,00 01 01 31,"Cyclospordial Hazard, Parasitic Slime Mine",,,FALSE,0,Visit: Winding Waters
Panda Path,FALSE,,Region,Item,00 01 01 32,"Panda Kingdom, Timeworn Arch",,,FALSE,88,"Complete: Slay Ailuropodas, Visit: Panda Path"
Panda Kingdom,FALSE,,Region,Item,00 01 01 33,"Panda Path, Parasitic Slime Mine",,,FALSE,0,Visit: Panda Kingdom
Parasitic Slime Mine,FALSE,,Region,Item,00 01 01 34,"Troll Tower, Panda Kingdom, Turncoat Turnabout, Winding Waters",,,FALSE,87,"Explore: Natural Sanctuary, Visit: Parasitic Slime Mine"
Turncoat Turnabout,FALSE,,Region,Item,00 01 01 35,"Cyclospordial Hazard, Parasitic Slime Mine, Wayward Split",,,FALSE,87,"Explore: Natural Sanctuary, Visit: Turncoat Turnabout"
Wayward Split,FALSE,,Region,Item,00 01 01 36,"Cascading Basins, Turncoat Turnabout, Perilous Passage, Harpy's Haunt South",,,FALSE,85,"Explore: Rocky Peril, Explore: Natural Sanctuary, Visit: Wayward Split"
Perilous Passage,FALSE,,Region,Item,00 01 01 37,"Perilous Grotto, Wayward Split",,,FALSE,83,"Explore: Rocky Peril, Complete: A Marauder's Dues, Visit: Perilous Passage"
Perilous Grotto,FALSE,,Region,Item,00 01 01 38,"Inhospitable Mountain, Perilous Passage, Wizard's Warning",,,FALSE,0,Visit: Perilous Grotto
Thanos Underpass,FALSE,,Region,Item,00 01 01 39,"Troll's Challenge, Thanos Exit",,,FALSE,0,Visit: Thanos Underpass
Canyon Walkway,FALSE,,Region,Item,00 01 01 3a,"Molten Passage, Wizard's Warning, Bandit's Toll",,,FALSE,83,"Complete: A Marauder's Dues, Visit: Canyon Walkway"
Wizard's Warning,FALSE,,Region,Item,00 01 01 3b,"Canyon Walkway, Perilous Grotto",,,FALSE,83,"Complete: A Marauder's Dues, Complete: Beyond the Grave, Visit: Wizard's Warning"
Harpy's Haunt North,FALSE,,Region,Item,00 01 01 3c,"Harpy's Haunt South, Krolton's Cave",,,FALSE,83,"Explore: Rocky Peril, Complete: A Marauder's Dues, Complete: Beyond the Grave, Visit: Harpy's Haunt North"
Fleris Cranny,FALSE,,Region,Item,00 01 01 3d,"Harpy's Haunt South, Elefolk Stomping Grounds",,,FALSE,88,"Explore: Colossi Infection, Visit: Fleris Cranny"
Troll Tower,FALSE,,Region,Item,00 01 01 3e,"Parasitic Slime Mine, Featherfall Cliffs",,,FALSE,87,"Explore: Natural Sanctuary, Explore: Colossi Infection, Visit: Troll Tower"
Illuminant Path,FALSE,,Region,Item,00 01 01 3f,"Thanos Exit, Bandit's Toll, Canyon High Path, The Hive, Path to the Dojo",,,FALSE,0,Visit: Illuminant Path
Bandit's Toll,FALSE,,Region,Item,00 01 01 40,"Canyon Walkway, Wizard Tower, Workshop Glade, Illuminant Path",,,FALSE,83,"Explore: Plasmatic Gouge, Complete: A Marauder's Dues, Visit: Bandit's Toll"
Wizard Tower,FALSE,,Region,Item,00 01 01 41,"Bandit's Toll, Krolton's Cave",,,FALSE,0,Visit: Wizard Tower
Rocky Bend,FALSE,,Region,Item,00 01 01 42,Canyon Dropoff,,,FALSE,85,"Complete: The Lost, Visit: Rocky Bend"
Housing Crisis,FALSE,,Region,Item,00 01 01 43,Featherfall Cliffs,,,FALSE,85,"Complete: The Lost, Visit: Housing Crisis"
Featherfall Cliffs,FALSE,,Region,Item,00 01 01 44,"Canyon Dropoff, Housing Crisis, Protector's Pathway, Elefolk Stomping Grounds, Troll Tower",,,FALSE,85,"Complete: The Lost, Visit: Featherfall Cliffs"
Elefolk Stomping Grounds,FALSE,,Region,Item,00 01 01 45,"Fleris Cranny, Hobgoblin's Hoard, Protector's Pathway, Featherfall Cliffs",,,FALSE,0,Visit: Elefolk Stomping Grounds
Path to the Dojo,FALSE,,Region,Item,00 01 01 46,"Illuminant Path, The Hive, Displaced Housing, Canyon High Path, Cherry Blossom Grove",,,FALSE,80,"Explore: Deserter's Camp, Explore: Watery Waterfall, Complete: Slay Hobgoblins, Visit: Path to the Dojo"
Wanderer's Way,FALSE,,Region,Item,00 01 01 47,Canyon High Path,,,FALSE,0,Visit: Wanderer's Way
Workshop Glade,FALSE,,Region,Item,00 01 01 48,"Bandit's Toll, Bantisu Approach, Thesead Underpass, Entrance to Thesead",,,FALSE,83,"Complete: Slay Jinkos, Complete: The Canyon Guides, Visit: Workshop Glade"
Bantisu Approach,FALSE,,Region,Item,00 01 01 49,"Krolton's Cave, Workshop Glade, Bantisu Air Temple",,,FALSE,84,"Complete: The Canyon Guides, Visit: Bantisu Approach"
Bantisu Air Temple,FALSE,,Region,Item,00 01 01 4a,Bantisu Approach,,,FALSE,87,"Complete: Beyond the Grave, Visit: Bantisu Air Temple"
Elephelk Trail,FALSE,,Region,Item,00 01 01 4b,"Cliffside Passage South, Protector's Pathway",,,FALSE,85,"Explore: Demolition Derby, Visit: Elephelk Trail"
Protector's Pathway,FALSE,,Region,Item,00 01 01 4c,"Featherfall Cliffs, Elefolk Stomping Grounds, Elephelk Trail, Kandon-Beda",,,FALSE,85,"Explore: Demolition Derby, Complete: The Lost, Visit: Protector's Pathway"
Cliffside Passage South,FALSE,,Region,Item,00 01 01 4d,"Elephelk Trail, Cliffside Passage North",,,FALSE,85,"Explore: Seismic Bore Hole, Explore: Chiseler's Cavern, Visit: Cliffside Passage South"
Thesead Underpass,FALSE,,Region,Item,00 01 01 4e,"Cliffside Passage North, Entrance to Thesead, Workshop Glade",,,FALSE,81,"Explore: Voltaic Crag, Explore: Abyssal Shine, Complete: The Canary Calls, Visit: Thesead Underpass"
Entrance to Thesead,FALSE,,Region,Item,00 01 01 4f,"Displaced Housing, Workshop Glade, Thesead Underpass, Thesead",,,FALSE,87,"Explore: Abyssal Shine, Complete: The Hidden City, Visit: Entrance to Thesead"
Displaced Housing,FALSE,,Region,Item,00 01 01 50,"Path to the Dojo, Cherry Blossom Grove, Entrance to Thesead, Thesead Suburbs",,,FALSE,83,"Explore: Cyclonic Spirit Trap, Explore: Broodmother's Bestiary, Visit: Displaced Housing"
Cherry Blossom Grove,FALSE,,Region,Item,00 01 01 51,"Path to the Dojo, Displaced Housing, Ranol's Farm",,,FALSE,80,"Explore: Gorgon Gorge, Explore: Broodmother's Bestiary, Visit: Cherry Blossom Grove"
Entrance to Molten Heights,FALSE,,Region,Item,00 01 01 52,"Thesead Suburbs, Eltom, Rodoroc",,,FALSE,0,Visit: Entrance to Molten Heights
Freezing Heights,FALSE,,Region,Item,00 01 01 54,"Dogun Ritual Site, Pyroclastic Flow, Dragonbone Graveyard",,,FALSE,91,"Explore: Dragonkin Nest, Complete: Slay Frosted Guards & Gryostone Golems, Complete: Slay Ifrits, Complete: Dwarves and Doguns Part I, Complete: Dwarves and Doguns Part III, Complete: The Breaking Point, Visit: Freezing Heights"
Lava Lakes,FALSE,,Region,Item,00 01 01 55,"Dogun Ritual Site, Crater Descent, Pyroclastic Flow",,,FALSE,91,"Complete: Slay Magma Entities, Complete: Dwarves and Doguns Part I, Complete: Dwarves and Doguns Part II, Complete: Dwarves and Doguns Part IV, Visit: Lava Lakes"
Dragonbone Graveyard,FALSE,,Region,Item,00 01 01 56,"Freezing Heights, Pyroclastic Flow",,,FALSE,95,"Explore: Dragonkin Nest, Visit: Dragonbone Graveyard"
Corkus City Crossroads,FALSE,,Region,Item,00 01 01 5a,"Fallen Factory, Road to Mine, Industrial Clearing, Corkus Forest, Corkus City",,,FALSE,93,"Complete: The Feathers Fly Part II, Visit: Corkus City Crossroads"
Road to Mine,FALSE,,Region,Item,00 01 01 5b,"Corkus City Crossroads, Corkus City Mine, Corkus Sea Cove",,,FALSE,89,"Complete: The Envoy Part II, Complete: The Feathers Fly Part II, Visit: Road to Mine"
Industrial Clearing,FALSE,,Region,Item,00 01 01 5c,"Corkus City Crossroads, Fallen Factory, Corkus Forest, Ruined Houses",,,FALSE,85,"Complete: Slay Robots, Complete: The Envoy Part II, Visit: Industrial Clearing"
Corkus Forest,FALSE,,Region,Item,00 01 01 5d,"Corkus City, Corkus City Crossroads, Industrial Clearing, Picnic Pond",,,FALSE,0,Visit: Corkus Forest
Picnic Pond,FALSE,,Region,Item,00 01 01 5e,"Corkus City, Corkus Forest, Avos Territory",,,FALSE,0,Visit: Picnic Pond
Avos Territory,FALSE,,Region,Item,00 01 01 5f,"Picnic Pond, Overrun Docks, Retrofitted Manufactory",,,FALSE,83,"Complete: The Envoy Part I, Complete: The Envoy Part II, Complete: The Feathers Fly Part I, Visit: Avos Territory"
Overrun Docks,FALSE,,Region,Item,00 01 01 60,"Avos Territory, Ava's Workshop",,,FALSE,83,"Complete: The Envoy Part I, Visit: Overrun Docks"
Retrofitted Manufactory,FALSE,,Region,Item,00 01 01 61,"Corkus City, Avos Territory, Corkus Outskirts, Avos Temple",,,FALSE,97,"Complete: The Breaking Point, Visit: Retrofitted Manufactory"
Founder's Statue,FALSE,,Region,Item,00 01 01 62,"Corkus City Mine, Corkus Outskirts",,,FALSE,87,"Complete: Mixed Feelings, Visit: Founder's Statue"
Path to Ahmsord,FALSE,,Region,Item,00 01 01 63,"Sky Castle, Aerial Descent, Ahmsord",,,FALSE,0,Visit: Path to Ahmsord
Aerial Descent,FALSE,,Region,Item,00 01 01 64,"Path to Ahmsord, Kandon Ridge, Ahmsord",,,FALSE,0,Visit: Aerial Descent
Raiders' Stronghold,FALSE,,Region,Item,00 01 01 65,"Sky Island Ascent, Raiders' Airbase",,,FALSE,98,"Complete: Royal Trials, Visit: Raiders' Stronghold"
Raiders' Airbase,FALSE,,Region,Item,00 01 01 66,Raiders' Stronghold,,,FALSE,98,"Complete: Royal Trials, Visit: Raiders' Airbase"
Lighthouse Lookout,FALSE,,Region,Item,00 01 01 67,"Royal Gate, Balloon Airbase",,,FALSE,86,"Complete: Desperate Metal, Visit: Lighthouse Lookout"
Balloon Airbase,FALSE,,Region,Item,00 01 01 69,"Relos, Lighthouse Lookout, Southern Outpost",,,FALSE,86,"Complete: Slay Pernix Monkeys, Complete: Desperate Metal, Visit: Balloon Airbase"
Broken Road,FALSE,,Region,Item,00 01 01 6a,"Silent Road, Worm Tunnel",,,FALSE,100,"Complete: A Journey Beyond, Visit: Broken Road"
Troll's Challenge,FALSE,,Region,Item,00 01 01 6e,"Colourful Mountaintop, Thanos Underpass, Upper Thanos",,,FALSE,0,Visit: Troll's Challenge
Harpy's Haunt South,FALSE,,Region,Item,00 01 01 6f,"Wayward Split, Harpy's Haunt North, Fleris Cranny",,,FALSE,0,Visit: Harpy's Haunt South
Hobgoblin's Hoard,FALSE,,Region,Item,00 01 01 70,"Elefolk Stomping Grounds, Krolton's Cave",,,FALSE,84,"Complete: The Canyon Guides, Visit: Hobgoblin's Hoard"
Pyroclastic Flow,FALSE,,Region,Item,00 01 01 71,"Freezing Heights, Lava Lakes, Dragonbone Graveyard",,,FALSE,91,"Complete: Dwarves and Doguns Part I, Visit: Pyroclastic Flow"
Ava's Workshop,FALSE,,Region,Item,00 01 01 72,"Avos Temple, Overrun Docks",,,FALSE,91,"Complete: The Feathers Fly Part I, Complete: The Feathers Fly Part II, Visit: Ava's Workshop"
Wellspring of Eternity,FALSE,,Region,Item,00 01 01 73,"Fort Torann, The Frog Bog",,,FALSE,104,"Explore: Ancient Arthropods, Visit: Wellspring of Eternity"
Fort Torann,FALSE,,Region,Item,00 01 01 74,"Royal Gate, Wellspring of Eternity, Xima Valley, Forts in Fall",,,FALSE,104,"Complete: A Journey Home, Visit: Fort Torann"
Xima Valley,FALSE,,Region,Item,00 01 01 75,Fort Torann,,,FALSE,0,Visit: Xima Valley
The Frog Bog,FALSE,,Region,Item,00 01 01 76,"Wellspring of Eternity, Forts in Fall, Festival Grounds",,,FALSE,104,"Explore: Ancient Arthropods, Explore: Siltswimmer Den, Complete: A New Beginning, Visit: The Frog Bog"
Forts in Fall,FALSE,,Region,Item,00 01 01 77,"Fort Torann, Royal Dam, The Frog Bog, Espren, The Lumbermill",,,FALSE,104,"Explore: Electrifying Outpost, Complete: A New Beginning, Complete: Undersupply, Visit: Forts in Fall"
Royal Dam,FALSE,,Region,Item,00 01 01 78,"Forts in Fall, Lake Gitephe",,,FALSE,107,"Complete: Undersupply, Complete: Ensemble of Hope, Visit: Royal Dam"
Festival Grounds,FALSE,,Region,Item,00 01 01 79,"The Frog Bog, Espren",,,FALSE,105,"Complete: A New Beginning, Complete: The Cursed One, Complete: Revelations in Fall, Visit: Festival Grounds"
The Lumbermill,FALSE,,Region,Item,00 01 01 7a,"Forts in Fall, Espren, Royal Barracks",,,FALSE,107,"Explore: Auburn Lumbermill, Complete: The Scarred Springs, Visit: The Lumbermill"
Residence Sector,FALSE,,Region,Item,00 01 01 7b,"Timasca, Agricultural Sector",,,FALSE,110,"Explore: Abandoned Steelworks, Complete: The Missing Piece, Visit: Residence Sector"
Agricultural Sector,FALSE,,Region,Item,00 01 01 7c,"Espren, Residence Sector, Water Processing Sector, Industrial Sector",,,FALSE,108,"Explore: Water Tower, Complete: Revelations in Fall, Complete: Through the Pipes, Complete: The Missing Piece, Visit: Agricultural Sector"
Water Processing Sector,FALSE,,Region,Item,00 01 01 7d,"Industrial Sector, Agricultural Sector",,,FALSE,109,"Explore: Weapons Factory, Complete: Solidarity of Steel, Complete: The Price of Ingenuity, Complete: Echoes of Change, Visit: Water Processing Sector"
Industrial Sector,FALSE,,Region,Item,00 01 01 7e,"Timasca, Agricultural Sector, Water Processing Sector",,,FALSE,109,"Complete: Slay Hedoro, Complete: Solidarity of Steel, Complete: The Price of Ingenuity, Complete: Echoes of Change, Visit: Industrial Sector"
Highlands Gate,FALSE,,Region,Item,00 01 01 7f,"Verdant Grove, Alder Understory",,,FALSE,113,"Explore: Estalis Gallery, Complete: Shrouded in Mist, Visit: Highlands Gate"
Alder Understory,FALSE,,Region,Item,00 01 01 80,"Fort Tericen, Aldwell, Highlands Gate, Fort Hegea",,,FALSE,0,Visit: Alder Understory
Verdant Grove,FALSE,,Region,Item,00 01 01 81,"Contested District, Aldwell, Deforested Ecotone, Highlands Gate",,,FALSE,113,"Complete: Shrouded in Mist, Complete: Burning Bonds, Complete: True Colours, Visit: Verdant Grove"
Fort Hegea,FALSE,,Region,Item,00 01 01 82,"Alder Understory, Aldwell",,,FALSE,114,"Explore: Entozoon Takeover, Complete: Burning Bonds, Complete: True Colours, Complete: Celebrations in Smoke, Visit: Fort Hegea"
Deforested Ecotone,FALSE,,Region,Item,00 01 01 83,"Timasca, Verdant Grove, Aldwell",,,FALSE,112,"Explore: Nesting Place, Complete: Echoes of Change, Complete: Shrouded in Mist, Complete: Burning Bonds, Complete: True Colours, Complete: Ensemble of Hope, Visit: Deforested Ecotone"
Citadel's Shadow,FALSE,,Region,Item,00 01 01 84,"Lake Gitephe, Gates to Aelumia, Fort Tericen",,,FALSE,117,"Explore: Krisa Manor, Explore: Liftal Castle, Complete: Hunt Wolly Rhinos, Complete: Ensemble of Hope, Visit: Citadel's Shadow"
Lake Gitephe,FALSE,,Region,Item,00 01 01 85,"Royal Dam, Citadel's Shadow, Hyloch",,,FALSE,107,"Complete: Undersupply, Complete: Overture to Despair, Complete: Apotheosis, Visit: Lake Gitephe"
Fort Tericen,FALSE,,Region,Item,00 01 01 86,"Alder Understory, Citadel's Shadow, Hyloch, Lake Rieke, Feuding Houses",,,FALSE,116,"Explore: Tericen Stables, Explore: Krisa Manor, Complete: The Strong Survive, Visit: Fort Tericen"
Lake Rieke,FALSE,,Region,Item,00 01 01 87,"Hyloch, Frosty Outpost, Fort Tericen",,,FALSE,0,Visit: Lake Rieke
Frosty Outpost,FALSE,,Region,Item,00 01 01 88,"Lake Rieke, Feuding Houses",,,FALSE,119,"Explore: Glacier Tunnels, Explore: Northern Outpost, Visit: Frosty Outpost"
Feuding Houses,FALSE,,Region,Item,00 01 01 89,"Frosty Outpost, Fort Tericen",,,FALSE,116,"Explore: Tericen Stables, Complete: Overture to Despair, Visit: Feuding Houses"
Royal Barracks,FALSE,,Region,Item,00 01 01 8a,"The Lumbermill, Gates to Aelumia, University Campus",,,FALSE,108,"Explore: The Barracks, Complete: The Scarred Springs, Complete: The Missing Piece, Complete: Apotheosis, Visit: Royal Barracks"
Gates to Aelumia,FALSE,,Region,Item,00 01 01 8b,"Royal Barracks, Citadel's Shadow, Contested District",,,FALSE,118,"Complete: Ensemble of Hope, Complete: Apotheosis, Visit: Gates to Aelumia"
University Campus,FALSE,,Region,Item,00 01 01 8c,"Timasca, Contested District, Royal Barracks",,,FALSE,111,"Explore: Theatre Royal, Complete: The Missing Piece, Complete: Echoes of Change, Visit: University Campus"
Thanos,FALSE,,Region,Default,,"Kitrios Armory, Cosmic Fissures, Upper Thanos, Path to Thanos",,,TRUE,81,"Complete: From the Bottom, Complete: The Thanos Depository, Complete: The Breaking Point, Visit: Thanos"
Thesead,FALSE,,Region,Default,,"Entrance to Thesead, Thesead Suburbs",,,FALSE,80,"Explore: Troll Burrows, Complete: The Canary Calls, Complete: The Hidden City, Visit: Thesead"
Eltom,FALSE,,Region,Default,,"Ranol's Farm, Entrance to Molten Heights",,,FALSE,88,"Complete: The Hidden City, Visit: Eltom"
Ahmsord,FALSE,,Region,Default,,"Temple Island, Path to Ahmsord, Aerial Descent, Sky Island Ascent, Central Islands",,,FALSE,95,"Explore: Mycolite Mountain, Complete: Slay Creatures of the Void, Complete: Slay Conures, Complete: One Thousand Meters Under, Complete: Recipe For Disaster, Complete: The Hero of Gavel, Visit: Ahmsord"
Corkus City,FALSE,,Region,Default,,"Corkus Castle, Corkus City Crossroads, Picnic Pond, Retrofitted Manufactory, Corkus Forest",,,FALSE,83,"Complete: The Envoy Part I, Complete: The Envoy Part II, Complete: The Feathers Fly Part II, Visit: Corkus City"
Legendary Island,FALSE,,Region,Default,,Southern Outpost,,,FALSE,0,Visit: Legendary Island
Rodoroc,FALSE,,Region,Default,,"Crater Descent, Entrance to Molten Heights",,,FALSE,91,"Complete: Dwarves and Doguns Part I, Complete: Dwarves and Doguns Part II, Complete: Dwarves and Doguns Part IV, Complete: The Breaking Point, Complete: A Hunter's Calling, Visit: Rodoroc"
Lutho,FALSE,,Region,Default,,"Sinister Forest, Paths of Sludge",,,FALSE,100,"Complete: A Journey Beyond, Complete: A Journey Further, Complete: Point of No Return, Visit: Lutho"
Relos,FALSE,,Region,Default,,"Fallen Factory, Ruined Houses, Balloon Airbase, Corkus Sea Cove",,,FALSE,89,"Complete: The Envoy Part II, Visit: Relos"
Espren,FALSE,,Region,Default,,"Forts in Fall, Festival Grounds, Agricultural Sector, The Lumbermill",,,FALSE,105,"Complete: A New Beginning, Complete: The Cursed One, Complete: The Scarred Springs, Complete: Revelations in Fall, Complete: Off the Rails, Complete: The Missing Piece, Visit: Espren"
Timasca,FALSE,,Region,Default,,"University Campus, Residence Sector, Industrial Sector, Deforested Ecotone",,,FALSE,109,"Explore: The Flush, Explore: Freight Interchange, Complete: Solidarity of Steel, Complete: Off the Rails, Complete: The Price of Ingenuity, Complete: Through the Pipes, Complete: Echoes of Change, Visit: Timasca"
Aldwell,FALSE,,Region,Default,,"Deforested Ecotone, Fort Hegea, Alder Understory, Verdant Grove",,,FALSE,112,"Explore: Entozoon Takeover, Complete: Hunt Banshee Stags, Complete: Shrouded in Mist, Complete: Celebrations in Smoke, Visit: Aldwell"
Hyloch,FALSE,,Region,Default,,"Lake Gitephe, Fort Tericen, Lake Rieke",,,FALSE,116,"Explore: Saltpetre Mine, Complete: Overture to Despair, Complete: The Strong Survive, Complete: Ensemble of Hope, Complete: Apotheosis, Visit: Hyloch"
Contested District,FALSE,,Region,Default,,"Verdant Grove, University Campus, Gates to Aelumia",,,FALSE,115,"Explore: Citadel Catacombs, Explore: Aelumia Weaveworks, Explore: Aelumia Metalmill, Explore: Aelumia Chemical Plant, Complete: Ensemble of Hope, Complete: Apotheosis, Visit: Contested District"
Kandon-Beda,FALSE,,Region,Default,,Protector's Pathway,,,FALSE,85,"Explore: Demolition Derby, Complete: The Breaking Point, Visit: Kandon-Beda"
Dogun Ritual Site,FALSE,,Region,Default,,"Freezing Heights, Lava Lakes, Crater Descent, Molten Reach",,,FALSE,91,"Explore: Scorched Earth, Complete: Slay Azers, Complete: Dwarves and Doguns Part I, Complete: Dwarves and Doguns Part III, Complete: Dwarves and Doguns Part IV, Complete: The Breaking Point, Visit: Dogun Ritual Site"
Progressive Max Level,TRUE,,Special,Item,00 00 00 01,,,,FALSE,,
Progressive Gear,TRUE,,Special,Item,00 02 00 00,,,,FALSE,,
Progressive Unique Gear,TRUE,,Special,Item,00 02 01 00,,,,FALSE,,
Progressive Rare Gear,TRUE,,Special,Item,00 02 02 00,,,,FALSE,,
Progressive Legendary+ Gear,TRUE,,Special,Item,00 02 03 00,,,,FALSE,,
Progressive Armor,TRUE,,Special,Item,00 02 10 00,,,,FALSE,,
Progressive Unique Armor,TRUE,,Special,Item,00 02 11 00,,,,FALSE,,
Progressive Rare Armor,TRUE,,Special,Item,00 02 12 00,,,,FALSE,,
Progressive Legendary+ Armor,TRUE,,Special,Item,00 02 13 00,,,,FALSE,,
Progressive Weapons,TRUE,,Special,Item,00 02 20 00,,,,FALSE,,
Progressive Unique Weapons,TRUE,,Special,Item,00 02 21 00,,,,FALSE,,
Progressive Rare Weapons,TRUE,,Special,Item,00 02 22 00,,,,FALSE,,
Progressive Legendary+ Weapons,TRUE,,Special,Item,00 02 23 00,,,,FALSE,,
Progressive Accessories,TRUE,,Special,Item,00 02 30 00,,,,FALSE,,
Progressive Unique Accessories,TRUE,,Special,Item,00 02 31 00,,,,FALSE,,
Progressive Rare Accessories,TRUE,,Special,Item,00 02 32 00,,,,FALSE,,
Progressive Legendary+ Accessories,TRUE,,Special,Item,00 02 33 00,,,,FALSE,,
Nothing,TRUE,,Special,Filler,00 20 00 01,,,,FALSE,,
Freeze Trap,TRUE,,Special,Trap,00 20 01 01,,,,FALSE,,
Daze Trap,TRUE,,Special,Trap,00 20 01 02,,,,FALSE,,
Blind Trap,TRUE,,Special,Trap,00 20 01 03,,,,FALSE,,
Kill Trap,TRUE,,Special,Trap,00 20 01 04,,,,FALSE,,
Visit: Ragni Main Entrance,TRUE,1,Territory,Location,00 17 00 00,Ragni Main Entrance,,,FALSE,,
Visit: Emerald Trail,TRUE,1,Territory,Location,00 17 00 0c,Emerald Trail,,,FALSE,,
Visit: Ragni,TRUE,1,Territory,Location,00 17 01 8d,Ragni,,,FALSE,,
Visit: Ragni Countryside South,TRUE,2,Territory,Location,00 17 00 04,Ragni Countryside South,,,FALSE,,
Visit: Ragni Countryside North,TRUE,2,Territory,Location,00 17 00 05,Ragni Countryside North,,,FALSE,,
Visit: Coastal Trail,TRUE,2,Territory,Location,00 17 00 1a,Coastal Trail,,,FALSE,,
Visit: Ragni North Entrance,TRUE,3,Territory,Location,00 17 00 01,Ragni North Entrance,,,FALSE,,
Visit: Katoa Ranch,TRUE,3,Territory,Location,00 17 00 02,Katoa Ranch,,,FALSE,,
Visit: Riverbank Knoll,TRUE,3,Territory,Location,00 17 00 03,Riverbank Knoll,,,FALSE,,
Visit: Farmers Settlement,TRUE,4,Territory,Location,00 17 00 06,Farmers Settlement,,,FALSE,,
Visit: Nivla Woods,TRUE,4,Territory,Location,00 17 00 0d,Nivla Woods,,,FALSE,,
Visit: Entrance to Nivla Woods,TRUE,4,Territory,Location,00 17 00 0e,Entrance to Nivla Woods,,,FALSE,,
Visit: Maltic Coast,TRUE,4,Territory,Location,00 17 00 13,Maltic Coast,,,FALSE,,
Visit: Road to Time Valley,TRUE,4,Territory,Location,00 17 00 14,Road to Time Valley,,,FALSE,,
Visit: Alekin,TRUE,4,Territory,Location,00 17 01 8e,Alekin,,,FALSE,,
Visit: Maltic,TRUE,4,Territory,Location,00 17 01 8f,Maltic,,,FALSE,,
Visit: Nomads' Refuge,TRUE,5,Territory,Location,00 17 00 07,Nomads' Refuge,,,FALSE,,
Visit: Arachnid Woods,TRUE,5,Territory,Location,00 17 00 09,Arachnid Woods,,,FALSE,,
Visit: Ancient Waterworks,TRUE,5,Territory,Location,00 17 00 15,Ancient Waterworks,,,FALSE,,
Visit: Road to Elkurn,TRUE,6,Territory,Location,00 17 00 0a,Road to Elkurn,,,FALSE,,
Visit: Nivla Woods Exit,TRUE,6,Territory,Location,00 17 00 0f,Nivla Woods Exit,,,FALSE,,
Visit: Akias Ruins,TRUE,6,Territory,Location,00 17 00 10,Akias Ruins,,,FALSE,,
Visit: Detlas Suburbs,TRUE,6,Territory,Location,00 17 00 11,Detlas Suburbs,,,FALSE,,
Visit: Corrupted Orchard,TRUE,6,Territory,Location,00 17 00 12,Corrupted Orchard,,,FALSE,,
Visit: Scorched Trail,TRUE,6,Territory,Location,00 17 00 16,Scorched Trail,,,FALSE,,
Visit: Corrupted Tower,TRUE,6,Territory,Location,00 17 00 17,Corrupted Tower,,,FALSE,,
Visit: Detlas,TRUE,6,Territory,Location,00 17 01 90,Detlas,,,FALSE,,
Visit: Corrupted Warfront,TRUE,11,Territory,Location,00 17 00 2c,Corrupted Warfront,,,FALSE,,
Visit: Black Road,TRUE,12,Territory,Location,00 17 00 1f,Black Road,,,FALSE,,
Visit: Essren's Hut,TRUE,12,Territory,Location,00 17 00 23,Essren's Hut,,,FALSE,,
Visit: Owl Tribe,TRUE,13,Territory,Location,00 17 00 46,Owl Tribe,,,FALSE,,
Visit: Ternaves,TRUE,13,Territory,Location,00 17 01 91,Ternaves,,,FALSE,,
Visit: Webbed Fracture,TRUE,14,Territory,Location,00 17 00 19,Webbed Fracture,,,FALSE,,
Visit: Lava Springs,TRUE,14,Territory,Location,00 17 00 3a,Lava Springs,,,FALSE,,
Visit: Abandoned Farm,TRUE,16,Territory,Location,00 17 00 1e,Abandoned Farm,,,FALSE,,
Visit: Savannah Plains,TRUE,16,Territory,Location,00 17 00 35,Savannah Plains,,,FALSE,,
Visit: Bremminglar,TRUE,16,Territory,Location,00 17 01 98,Bremminglar,,,FALSE,,
Visit: Cathedral Harbour,TRUE,18,Territory,Location,00 17 00 25,Cathedral Harbour,,,FALSE,,
Visit: Nemract Cathedral,TRUE,18,Territory,Location,00 17 00 26,Nemract Cathedral,,,FALSE,,
Visit: Mount Wynn Inn,TRUE,18,Territory,Location,00 17 00 28,Mount Wynn Inn,,,FALSE,,
Visit: Nested Cliffside,TRUE,18,Territory,Location,00 17 00 2a,Nested Cliffside,,,FALSE,,
Visit: Razed Inn,TRUE,18,Territory,Location,00 17 00 2b,Razed Inn,,,FALSE,,
Visit: Ancient Nemract,TRUE,18,Territory,Location,00 17 00 33,Ancient Nemract,,,FALSE,,
Visit: Nemract,TRUE,18,Territory,Location,00 17 01 92,Nemract,,,FALSE,,
Visit: Blooming Boulders,TRUE,22,Territory,Location,00 17 00 08,Blooming Boulders,,,FALSE,,
Visit: Corrupted Road,TRUE,22,Territory,Location,00 17 00 0b,Corrupted Road,,,FALSE,,
Visit: Abandoned Mines Entrance,TRUE,22,Territory,Location,00 17 00 20,Abandoned Mines Entrance,,,FALSE,,
Visit: Mine Base Plains,TRUE,22,Territory,Location,00 17 00 36,Mine Base Plains,,,FALSE,,
Visit: Mining Base Camp,TRUE,22,Territory,Location,00 17 00 37,Mining Base Camp,,,FALSE,,
Visit: Abandoned Mines,TRUE,22,Territory,Location,00 17 00 3b,Abandoned Mines,,,FALSE,,
Visit: Time Valley,TRUE,22,Territory,Location,00 17 00 3e,Time Valley,,,FALSE,,
Visit: Sanctuary Bridge,TRUE,22,Territory,Location,00 17 00 3f,Sanctuary Bridge,,,FALSE,,
Visit: Tempo Town,TRUE,22,Territory,Location,00 17 01 93,Tempo Town,,,FALSE,,
Visit: Elkurn,TRUE,22,Territory,Location,00 17 01 94,Elkurn,,,FALSE,,
Visit: Jagged Foothills,TRUE,23,Territory,Location,00 17 00 18,Jagged Foothills,,,FALSE,,
Visit: Rocky Shore,TRUE,23,Territory,Location,00 17 00 27,Rocky Shore,,,FALSE,,
Visit: Blackstring Den,TRUE,23,Territory,Location,00 17 00 29,Blackstring Den,,,FALSE,,
Visit: Rooster Island,TRUE,23,Territory,Location,00 17 00 32,Rooster Island,,,FALSE,,
Visit: Selchar,TRUE,23,Territory,Location,00 17 01 96,Selchar,,,FALSE,,
Visit: Ternaves Tunnel,TRUE,24,Territory,Location,00 17 00 39,Ternaves Tunnel,,,FALSE,,
Visit: Plains Lake,TRUE,24,Territory,Location,00 17 00 3d,Plains Lake,,,FALSE,,
Visit: Ragni South Entrance,TRUE,25,Territory,Location,00 17 00 1b,Ragni South Entrance,,,FALSE,,
Visit: Sulphuric Hollow,TRUE,25,Territory,Location,00 17 00 1c,Sulphuric Hollow,,,FALSE,,
Visit: Little Wood,TRUE,25,Territory,Location,00 17 00 1d,Little Wood,,,FALSE,,
Visit: Bear Zoo,TRUE,25,Territory,Location,00 17 00 21,Bear Zoo,,,FALSE,,
Visit: Pigmen Ravines,TRUE,25,Territory,Location,00 17 00 22,Pigmen Ravines,,,FALSE,,
Visit: Durum Oat Islet,TRUE,25,Territory,Location,00 17 00 2d,Durum Oat Islet,,,FALSE,,
Visit: Durum Malt Islet,TRUE,25,Territory,Location,00 17 00 2e,Durum Malt Islet,,,FALSE,,
Visit: Durum Barley Islet,TRUE,25,Territory,Location,00 17 00 2f,Durum Barley Islet,,,FALSE,,
Visit: Corrupted River,TRUE,25,Territory,Location,00 17 00 30,Corrupted River,,,FALSE,,
Visit: Durum Isles Barn,TRUE,25,Territory,Location,00 17 00 31,Durum Isles Barn,,,FALSE,,
Visit: Roots of Corruption,TRUE,25,Territory,Location,00 17 00 40,Roots of Corruption,,,FALSE,,
Visit: Half Moon Island,TRUE,25,Territory,Location,00 17 00 48,Half Moon Island,,,FALSE,,
Visit: Tree Island,TRUE,25,Territory,Location,00 17 00 50,Tree Island,,,FALSE,,
Visit: Nesaak Transition,TRUE,27,Territory,Location,00 17 00 43,Nesaak Transition,,,FALSE,,
Visit: Frosty Spikes,TRUE,27,Territory,Location,00 17 00 44,Frosty Spikes,,,FALSE,,
Visit: Florist's Hut,TRUE,27,Territory,Location,00 17 00 b4,Florist's Hut,,,FALSE,,
Visit: Frozen Homestead,TRUE,27,Territory,Location,00 17 00 b5,Frozen Homestead,,,FALSE,,
Visit: Abandoned Lumberyard,TRUE,27,Territory,Location,00 17 00 b7,Abandoned Lumberyard,,,FALSE,,
Visit: Nesaak,TRUE,27,Territory,Location,00 17 01 95,Nesaak,,,FALSE,,
Visit: Desolate Valley,TRUE,28,Territory,Location,00 17 00 3c,Desolate Valley,,,FALSE,,
Visit: Mage Island,TRUE,28,Territory,Location,00 17 00 42,Mage Island,,,FALSE,,
Visit: Abandoned Pass,TRUE,30,Territory,Location,00 17 00 24,Abandoned Pass,,,FALSE,,
Visit: Lion Lair,TRUE,30,Territory,Location,00 17 00 34,Lion Lair,,,FALSE,,
Visit: Entrance to Almuj,TRUE,30,Territory,Location,00 17 00 38,Entrance to Almuj,,,FALSE,,
Visit: Invaded Barracks,TRUE,30,Territory,Location,00 17 00 c0,Invaded Barracks,,,FALSE,,
Visit: Barren Sands,TRUE,30,Territory,Location,00 17 00 c1,Barren Sands,,,FALSE,,
Visit: Cascading Oasis,TRUE,30,Territory,Location,00 17 00 c3,Cascading Oasis,,,FALSE,,
Visit: Gloopy Cave,TRUE,30,Territory,Location,00 17 00 c4,Gloopy Cave,,,FALSE,,
Visit: Dusty Pit,TRUE,30,Territory,Location,00 17 00 c7,Dusty Pit,,,FALSE,,
Visit: Almuj Slums,TRUE,30,Territory,Location,00 17 00 c8,Almuj Slums,,,FALSE,,
Visit: Almuj,TRUE,30,Territory,Location,00 17 01 97,Almuj,,,FALSE,,
Visit: Ruined Villa,TRUE,31,Territory,Location,00 17 00 c5,Ruined Villa,,,FALSE,,
Visit: Eagle Tribe,TRUE,33,Territory,Location,00 17 00 bd,Eagle Tribe,,,FALSE,,
Visit: Ruined Prospect,TRUE,33,Territory,Location,00 17 00 be,Ruined Prospect,,,FALSE,,
Visit: Sunset Plateau,TRUE,33,Territory,Location,00 17 00 bf,Sunset Plateau,,,FALSE,,
Visit: Accursed Dunes,TRUE,33,Territory,Location,00 17 00 c2,Accursed Dunes,,,FALSE,,
Visit: Ancient Excavation,TRUE,33,Territory,Location,00 17 00 c6,Ancient Excavation,,,FALSE,,
Visit: Sunrise Plateau,TRUE,34,Territory,Location,00 17 00 bc,Sunrise Plateau,,,FALSE,,
Visit: Rymek,TRUE,34,Territory,Location,00 17 01 99,Rymek,,,FALSE,,
Visit: Mummy's Tomb,TRUE,36,Territory,Location,00 17 00 4d,Mummy's Tomb,,,FALSE,,
Visit: Orc Road,TRUE,39,Territory,Location,00 17 00 53,Orc Road,,,FALSE,,
Visit: Entrance to Gavel,TRUE,39,Territory,Location,00 17 00 ce,Entrance to Gavel,,,FALSE,,
Visit: Llevigar Gate,TRUE,39,Territory,Location,00 17 00 cf,Llevigar Gate,,,FALSE,,
Visit: Sanguine Spider Den,TRUE,39,Territory,Location,00 17 00 d0,Sanguine Spider Den,,,FALSE,,
Visit: Llevigar Stables,TRUE,39,Territory,Location,00 17 00 d1,Llevigar Stables,,,FALSE,,
Visit: Cliffhearth Orc Camp,TRUE,39,Territory,Location,00 17 00 d2,Cliffhearth Orc Camp,,,FALSE,,
Visit: Trunkstump Goblin Camp,TRUE,39,Territory,Location,00 17 00 d4,Trunkstump Goblin Camp,,,FALSE,,
Visit: Llevigar,TRUE,39,Territory,Location,00 17 01 9b,Llevigar,,,FALSE,,
Visit: Icy Island,TRUE,40,Territory,Location,00 17 00 96,Icy Island,,,FALSE,,
Visit: Wolves' Den,TRUE,40,Territory,Location,00 17 00 b2,Wolves' Den,,,FALSE,,
Visit: Nodguj Nation,TRUE,40,Territory,Location,00 17 01 9c,Nodguj Nation,,,FALSE,,
Visit: Dujgon Nation,TRUE,40,Territory,Location,00 17 01 9d,Dujgon Nation,,,FALSE,,
Visit: Orc Lake,TRUE,42,Territory,Location,00 17 00 52,Orc Lake,,,FALSE,,
Visit: Meteor Trail,TRUE,42,Territory,Location,00 17 00 d5,Meteor Trail,,,FALSE,,
Visit: Stonecave Orc Camp,TRUE,42,Territory,Location,00 17 00 d7,Stonecave Orc Camp,,,FALSE,,
Visit: Frigid Crossroads,TRUE,43,Territory,Location,00 17 00 b3,Frigid Crossroads,,,FALSE,,
Visit: Icy Descent,TRUE,44,Territory,Location,00 17 00 91,Icy Descent,,,FALSE,,
Visit: Sablestone Orc Camp,TRUE,44,Territory,Location,00 17 00 ef,Sablestone Orc Camp,,,FALSE,,
Visit: Loamsprout Orc Camp,TRUE,44,Territory,Location,00 17 00 f0,Loamsprout Orc Camp,,,FALSE,,
Visit: Lusuco,TRUE,44,Territory,Location,00 17 01 9e,Lusuco,,,FALSE,,
Visit: Twain Lake,TRUE,45,Territory,Location,00 17 00 49,Twain Lake,,,FALSE,,
Visit: Bob's Tomb,TRUE,45,Territory,Location,00 17 00 4b,Bob's Tomb,,,FALSE,,
Visit: Llevigar Farm,TRUE,45,Territory,Location,00 17 00 57,Llevigar Farm,,,FALSE,,
Visit: Icy Vigil,TRUE,45,Territory,Location,00 17 00 b6,Icy Vigil,,,FALSE,,
Visit: Karoc Quarry,TRUE,45,Territory,Location,00 17 00 ea,Karoc Quarry,,,FALSE,,
Visit: Shineridge Orc Camp,TRUE,45,Territory,Location,00 17 00 ec,Shineridge Orc Camp,,,FALSE,,
Visit: Bucie Waterfall,TRUE,45,Territory,Location,00 17 00 ed,Bucie Waterfall,,,FALSE,,
Visit: Entrance to Bucie,TRUE,45,Territory,Location,00 17 01 9f,Entrance to Bucie,,,FALSE,,
Visit: Goblin Plains West,TRUE,46,Territory,Location,00 17 00 56,Goblin Plains West,,,FALSE,,
Visit: Goblin Plains East,TRUE,46,Territory,Location,00 17 00 59,Goblin Plains East,,,FALSE,,
Visit: Brigand Outpost,TRUE,46,Territory,Location,00 17 00 d6,Brigand Outpost,,,FALSE,,
Visit: Twain Mansion,TRUE,49,Territory,Location,00 17 00 4a,Twain Mansion,,,FALSE,,
Visit: Meteor Crater,TRUE,49,Territory,Location,00 17 00 54,Meteor Crater,,,FALSE,,
Visit: Iron Road,TRUE,49,Territory,Location,00 17 00 55,Iron Road,,,FALSE,,
Visit: Harnort Compound,TRUE,49,Territory,Location,00 17 00 eb,Harnort Compound,,,FALSE,,
Visit: Sunspark Orc Camp,TRUE,49,Territory,Location,00 17 00 ee,Sunspark Orc Camp,,,FALSE,,
Visit: Entrance to Olux,TRUE,50,Territory,Location,00 17 00 51,Entrance to Olux,,,FALSE,,
Visit: Forgotten Path,TRUE,50,Territory,Location,00 17 00 58,Forgotten Path,,,FALSE,,
Visit: Great Bridge,TRUE,50,Territory,Location,00 17 00 b8,Great Bridge,,,FALSE,,
Visit: Jungle Entrance,TRUE,50,Territory,Location,00 17 00 b9,Jungle Entrance,,,FALSE,,
Visit: Collapsed Emerald Mine,TRUE,50,Territory,Location,00 17 00 d8,Collapsed Emerald Mine,,,FALSE,,
Visit: Mudspring Orc Camp,TRUE,50,Territory,Location,00 17 00 d9,Mudspring Orc Camp,,,FALSE,,
Visit: Floral Peaks,TRUE,50,Territory,Location,00 17 00 da,Floral Peaks,,,FALSE,,
Visit: Ogre Den,TRUE,50,Territory,Location,00 17 00 db,Ogre Den,,,FALSE,,
Visit: Witching Road,TRUE,50,Territory,Location,00 17 00 dc,Witching Road,,,FALSE,,
Visit: Maiden Tower,TRUE,50,Territory,Location,00 17 00 dd,Maiden Tower,,,FALSE,,
Visit: Bloody Trail,TRUE,50,Territory,Location,00 17 00 e0,Bloody Trail,,,FALSE,,
Visit: Lizardman Camp,TRUE,50,Territory,Location,00 17 00 e3,Lizardman Camp,,,FALSE,,
Visit: Swamp Mountain Arch,TRUE,50,Territory,Location,00 17 00 e4,Swamp Mountain Arch,,,FALSE,,
Visit: Shady Shack,TRUE,50,Territory,Location,00 17 00 e5,Shady Shack,,,FALSE,,
Visit: Olux,TRUE,50,Territory,Location,00 17 01 a1,Olux,,,FALSE,,
Visit: Temple of Legends,TRUE,52,Territory,Location,00 17 00 4c,Temple of Legends,,,FALSE,,
Visit: Herb Cave,TRUE,52,Territory,Location,00 17 00 94,Herb Cave,,,FALSE,,
Visit: Apprentice Huts,TRUE,52,Territory,Location,00 17 00 ba,Apprentice Huts,,,FALSE,,
Visit: Troms Lake,TRUE,52,Territory,Location,00 17 00 bb,Troms Lake,,,FALSE,,
Visit: Monte's Village,TRUE,52,Territory,Location,00 17 01 6c,Monte's Village,,,FALSE,,
Visit: Troms,TRUE,52,Territory,Location,00 17 01 a0,Troms,,,FALSE,,
Visit: Iboju Village,TRUE,52,Territory,Location,00 17 01 a2,Iboju Village,,,FALSE,,
Visit: Infested Sinkhole,TRUE,53,Territory,Location,00 17 00 de,Infested Sinkhole,,,FALSE,,
Visit: Forgotten Burrows,TRUE,53,Territory,Location,00 17 00 df,Forgotten Burrows,,,FALSE,,
Visit: Lizardman Lake,TRUE,53,Territory,Location,00 17 00 e1,Lizardman Lake,,,FALSE,,
Visit: Olux Lumberyard,TRUE,53,Territory,Location,00 17 00 e2,Olux Lumberyard,,,FALSE,,
Visit: Naga Lake,TRUE,54,Territory,Location,00 17 00 e8,Naga Lake,,,FALSE,,
Visit: Path to the Grootslangs,TRUE,54,Territory,Location,00 17 00 e9,Path to the Grootslangs,,,FALSE,,
Visit: Fading Forest,TRUE,54,Territory,Location,00 17 01 07,Fading Forest,,,FALSE,,
Visit: Skien's Island,TRUE,55,Territory,Location,00 17 00 41,Skien's Island,,,FALSE,,
Visit: Zhight Island,TRUE,55,Territory,Location,00 17 00 4e,Zhight Island,,,FALSE,,
Visit: Volcanic Excavation,TRUE,55,Territory,Location,00 17 00 cd,Volcanic Excavation,,,FALSE,,
Visit: Scorpion Nest,TRUE,58,Territory,Location,00 17 00 e6,Scorpion Nest,,,FALSE,,
Visit: Secluded Workshop,TRUE,58,Territory,Location,00 17 00 e7,Secluded Workshop,,,FALSE,,
Visit: Volcanic Isles,TRUE,58,Territory,Location,00 17 01 6d,Volcanic Isles,,,FALSE,,
Visit: Fountain of Youth,TRUE,60,Territory,Location,00 17 01 58,Fountain of Youth,,,FALSE,,
Visit: Pirate Town,TRUE,60,Territory,Location,00 17 01 9a,Pirate Town,,,FALSE,,
Visit: Lost Atoll,TRUE,61,Territory,Location,00 17 00 9a,Lost Atoll,,,FALSE,,
Visit: Overtaken Outpost,TRUE,61,Territory,Location,00 17 01 08,Overtaken Outpost,,,FALSE,,
Visit: Mangled Lake,TRUE,61,Territory,Location,00 17 01 09,Mangled Lake,,,FALSE,,
Visit: Entamis Village,TRUE,62,Territory,Location,00 17 01 57,Entamis Village,,,FALSE,,
Visit: Fleris Trail,TRUE,63,Territory,Location,00 17 00 98,Fleris Trail,,,FALSE,,
Visit: Centerworld Fortress,TRUE,63,Territory,Location,00 17 00 f1,Centerworld Fortress,,,FALSE,,
Visit: Road to Light Forest,TRUE,63,Territory,Location,00 17 00 f2,Road to Light Forest,,,FALSE,,
Visit: Orc Battlegrounds,TRUE,64,Territory,Location,00 17 00 99,Orc Battlegrounds,,,FALSE,,
Visit: Gelibord Watermill,TRUE,64,Territory,Location,00 17 01 05,Gelibord Watermill,,,FALSE,,
Visit: Castle Dullahan,TRUE,64,Territory,Location,00 17 01 06,Castle Dullahan,,,FALSE,,
Visit: Gelibord,TRUE,64,Territory,Location,00 17 01 a4,Gelibord,,,FALSE,,
Visit: Twisted Housing,TRUE,66,Territory,Location,00 17 00 5c,Twisted Housing,,,FALSE,,
Visit: Caritat Mansion,TRUE,66,Territory,Location,00 17 01 0a,Caritat Mansion,,,FALSE,,
Visit: Delnar Manor,TRUE,66,Territory,Location,00 17 01 59,Delnar Manor,,,FALSE,,
Visit: Maro Peaks,TRUE,68,Territory,Location,00 17 00 4f,Maro Peaks,,,FALSE,,
Visit: Entrance to Kander,TRUE,69,Territory,Location,00 17 00 5d,Entrance to Kander,,,FALSE,,
Visit: Twisted Ridge,TRUE,69,Territory,Location,00 17 00 95,Twisted Ridge,,,FALSE,,
Visit: Guardian of the Forest,TRUE,69,Territory,Location,00 17 00 f6,Guardian of the Forest,,,FALSE,,
Visit: Wood Sprite Hideaway,TRUE,69,Territory,Location,00 17 00 f7,Wood Sprite Hideaway,,,FALSE,,
Visit: Mantis Nest,TRUE,70,Territory,Location,00 17 00 5a,Mantis Nest,,,FALSE,,
Visit: Path to Cinfras,TRUE,70,Territory,Location,00 17 00 5b,Path to Cinfras,,,FALSE,,
Visit: Lifeless Forest,TRUE,70,Territory,Location,00 17 00 c9,Lifeless Forest,,,FALSE,,
Visit: Disturbed Crypt,TRUE,70,Territory,Location,00 17 00 ca,Disturbed Crypt,,,FALSE,,
Visit: Derelict Mansion,TRUE,70,Territory,Location,00 17 00 cb,Derelict Mansion,,,FALSE,,
Visit: Dreary Docks,TRUE,70,Territory,Location,00 17 00 cc,Dreary Docks,,,FALSE,,
Visit: Efilim Crossroads,TRUE,70,Territory,Location,00 17 00 f3,Efilim Crossroads,,,FALSE,,
Visit: Minotaur Barbecue,TRUE,70,Territory,Location,00 17 00 f4,Minotaur Barbecue,,,FALSE,,
Visit: Path to the Forgery,TRUE,70,Territory,Location,00 17 00 f5,Path to the Forgery,,,FALSE,,
Visit: Myconid Descent,TRUE,70,Territory,Location,00 17 00 fa,Myconid Descent,,,FALSE,,
Visit: Chasm Chokepoint,TRUE,70,Territory,Location,00 17 00 fb,Chasm Chokepoint,,,FALSE,,
Visit: Dodegar's Forge,TRUE,70,Territory,Location,00 17 00 fd,Dodegar's Forge,,,FALSE,,
Visit: Unicorn Trail,TRUE,70,Territory,Location,00 17 00 fe,Unicorn Trail,,,FALSE,,
Visit: The Forgery,TRUE,70,Territory,Location,00 17 00 ff,The Forgery,,,FALSE,,
Visit: Collapsed Bridge,TRUE,70,Territory,Location,00 17 01 00,Collapsed Bridge,,,FALSE,,
Visit: Mycelial Expanse,TRUE,70,Territory,Location,00 17 01 01,Mycelial Expanse,,,FALSE,,
Visit: Chasm Overlook,TRUE,70,Territory,Location,00 17 01 03,Chasm Overlook,,,FALSE,,
Visit: Enchanted River,TRUE,70,Territory,Location,00 17 01 04,Enchanted River,,,FALSE,,
Visit: Entrance to Cinfras,TRUE,70,Territory,Location,00 17 01 11,Entrance to Cinfras,,,FALSE,,
Visit: Cinfras,TRUE,70,Territory,Location,00 17 01 a3,Cinfras,,,FALSE,,
Visit: Efilim,TRUE,70,Territory,Location,00 17 01 ae,Efilim,,,FALSE,,
Visit: Path to Light's Secret,TRUE,71,Territory,Location,00 17 00 f8,Path to Light's Secret,,,FALSE,,
Visit: Aldorei Valley Outskirts,TRUE,71,Territory,Location,00 17 00 f9,Aldorei Valley Outskirts,,,FALSE,,
Visit: Luxuriant Pond,TRUE,71,Territory,Location,00 17 00 fc,Luxuriant Pond,,,FALSE,,
Visit: The Shiar,TRUE,71,Territory,Location,00 17 01 02,The Shiar,,,FALSE,,
Visit: Aldorei Valley,TRUE,71,Territory,Location,00 17 01 1e,Aldorei Valley,,,FALSE,,
Visit: Aldorei River,TRUE,71,Territory,Location,00 17 01 1f,Aldorei River,,,FALSE,,
Visit: Aldorei Cliffside Waterfalls,TRUE,71,Territory,Location,00 17 01 20,Aldorei Cliffside Waterfalls,,,FALSE,,
Visit: Felroc Fields,TRUE,71,Territory,Location,00 17 01 68,Felroc Fields,,,FALSE,,
Visit: Mesquis Tower,TRUE,72,Territory,Location,00 17 00 5e,Mesquis Tower,,,FALSE,,
Visit: Kander Mines,TRUE,72,Territory,Location,00 17 00 5f,Kander Mines,,,FALSE,,
Visit: Path to Talor,TRUE,72,Territory,Location,00 17 00 60,Path to Talor,,,FALSE,,
Visit: Dark Forest Village,TRUE,72,Territory,Location,00 17 00 61,Dark Forest Village,,,FALSE,,
Visit: Fungal Grove,TRUE,72,Territory,Location,00 17 00 62,Fungal Grove,,,FALSE,,
Visit: Decayed Basin,TRUE,72,Territory,Location,00 17 00 63,Decayed Basin,,,FALSE,,
Visit: Heart of Decay,TRUE,72,Territory,Location,00 17 00 64,Heart of Decay,,,FALSE,,
Visit: Mushroom Hill,TRUE,72,Territory,Location,00 17 00 65,Mushroom Hill,,,FALSE,,
Visit: Fallen Village,TRUE,72,Territory,Location,00 17 00 66,Fallen Village,,,FALSE,,
Visit: Cinfras Outskirts,FALSE,72,Territory,Location,00 17 00 92,Cinfras Outskirts,,,FALSE,,
Visit: Light Peninsula,TRUE,72,Territory,Location,00 17 00 b0,Light Peninsula,,,FALSE,,
Visit: Lexdale Penitentiary,TRUE,72,Territory,Location,00 17 01 0b,Lexdale Penitentiary,,,FALSE,,
Visit: Path to the Penitentiary,TRUE,72,Territory,Location,00 17 01 0c,Path to the Penitentiary,,,FALSE,,
Visit: Faltach Manor,TRUE,72,Territory,Location,00 17 01 0d,Faltach Manor,,,FALSE,,
Visit: Viscera Pits,TRUE,72,Territory,Location,00 17 01 0e,Viscera Pits,,,FALSE,,
Visit: Talor Cemetery,TRUE,72,Territory,Location,00 17 01 0f,Talor Cemetery,,,FALSE,,
Visit: Old Crossroads,TRUE,72,Territory,Location,00 17 01 10,Old Crossroads,,,FALSE,,
Visit: Weird Clearing,TRUE,72,Territory,Location,00 17 01 12,Weird Clearing,,,FALSE,,
Visit: Lexdale,TRUE,72,Territory,Location,00 17 01 a5,Lexdale,,,FALSE,,
Visit: Cinfras's Small Farm,TRUE,73,Territory,Location,00 17 00 68,Cinfras's Small Farm,,,FALSE,,
Visit: Big Mushroom Cave,TRUE,73,Territory,Location,00 17 01 13,Big Mushroom Cave,,,FALSE,,
Visit: Paper Trail,TRUE,73,Territory,Location,00 17 01 14,Paper Trail,,,FALSE,,
Visit: Waterfall Cave,TRUE,73,Territory,Location,00 17 01 21,Waterfall Cave,,,FALSE,,
Visit: Guild Hall,TRUE,74,Territory,Location,00 17 00 67,Guild Hall,,,FALSE,,
Visit: Aldorei Springs,TRUE,74,Territory,Location,00 17 01 1c,Aldorei Springs,Complete: Aldorei's Secret Part I,,FALSE,,
Visit: Outer Aldorei Town,TRUE,74,Territory,Location,00 17 01 1d,Outer Aldorei Town,Complete: Aldorei's Secret Part I,,FALSE,,
Visit: Tower of Ascension,TRUE,75,Territory,Location,00 17 00 47,Tower of Ascension,,,FALSE,,
Visit: Gert Camp,TRUE,77,Territory,Location,00 17 00 69,Gert Camp,,,FALSE,,
Visit: Jitak's Farm,TRUE,77,Territory,Location,00 17 00 6a,Jitak's Farm,,,FALSE,,
Visit: Cosmic Fissures,TRUE,77,Territory,Location,00 17 01 18,Cosmic Fissures,,,FALSE,,
Visit: Gylia Research Cabin,TRUE,77,Territory,Location,00 17 01 19,Gylia Research Cabin,,,FALSE,,
Visit: Gylia Lakehouse,TRUE,77,Territory,Location,00 17 01 1a,Gylia Lakehouse,,,FALSE,,
Visit: Gylia Watchtower,TRUE,77,Territory,Location,00 17 01 1b,Gylia Watchtower,,,FALSE,,
Visit: Burning Farm,TRUE,79,Territory,Location,00 17 00 6b,Burning Farm,,,FALSE,,
Visit: Burning Airship,TRUE,79,Territory,Location,00 17 00 6c,Burning Airship,,,FALSE,,
Visit: Heavenly Ingress,TRUE,79,Territory,Location,00 17 00 aa,Heavenly Ingress,Complete: Finding the Light,,FALSE,,
Visit: Luminous Plateau,TRUE,79,Territory,Location,00 17 00 ab,Luminous Plateau,Complete: Finding the Light,,FALSE,,
Visit: Primal Fen,TRUE,79,Territory,Location,00 17 00 ac,Primal Fen,Complete: Finding the Light,,FALSE,,
Visit: Azure Frontier,TRUE,79,Territory,Location,00 17 00 ad,Azure Frontier,Complete: Finding the Light,,FALSE,,
Visit: Path to Light,TRUE,79,Territory,Location,00 17 00 ae,Path to Light,Complete: Finding the Light,,FALSE,,
Visit: Nexus of Light,TRUE,79,Territory,Location,00 17 00 af,Nexus of Light,Complete: The Realm of Light,,FALSE,,
Visit: Field of Life,TRUE,79,Territory,Location,00 17 00 b1,Field of Life,Complete: Finding the Light,,FALSE,,
Visit: Silverbull Headquarters,TRUE,79,Territory,Location,00 17 01 15,Silverbull Headquarters,,,FALSE,,
Visit: Celestial Impact,TRUE,79,Territory,Location,00 17 01 16,Celestial Impact,,,FALSE,,
Visit: Gylia Fisherman Camp,TRUE,79,Territory,Location,00 17 01 17,Gylia Fisherman Camp,,,FALSE,,
Visit: Pine Pillar Forest,TRUE,79,Territory,Location,00 17 01 23,Pine Pillar Forest,,,FALSE,,
Visit: Evergreen Outbreak,TRUE,79,Territory,Location,00 17 01 24,Evergreen Outbreak,,,FALSE,,
Visit: Otherworldly Monolith,TRUE,79,Territory,Location,00 17 01 6b,Otherworldly Monolith,Complete: Finding the Light,,FALSE,,
Visit: Silent Road,FALSE,,Territory,Location,00 17 00 45,Silent Road,,,FALSE,,
Visit: Thanos Exit,FALSE,,Territory,Location,00 17 00 6d,Thanos Exit,,,FALSE,,
Visit: Canyon Dropoff,FALSE,,Territory,Location,00 17 00 6e,Canyon Dropoff,,,FALSE,,
Visit: Krolton's Cave,FALSE,,Territory,Location,00 17 00 6f,Krolton's Cave,,,FALSE,,
Visit: Canyon High Path,FALSE,,Territory,Location,00 17 00 70,Canyon High Path,,,FALSE,,
Visit: Kandon Farm,FALSE,,Territory,Location,00 17 00 72,Kandon Farm,,,FALSE,,
Visit: Cliffside Passage North,FALSE,,Territory,Location,00 17 00 73,Cliffside Passage North,,,FALSE,,
Visit: Ranol's Farm,FALSE,,Territory,Location,00 17 00 74,Ranol's Farm,,,FALSE,,
Visit: Thesead Suburbs,FALSE,,Territory,Location,00 17 00 75,Thesead Suburbs,,,FALSE,,
Visit: Crater Descent,FALSE,,Territory,Location,00 17 00 76,Crater Descent,,,FALSE,,
Visit: Temple Island,FALSE,,Territory,Location,00 17 00 77,Temple Island,,,FALSE,,
Visit: Snail Island,FALSE,,Territory,Location,00 17 00 78,Snail Island,,,FALSE,,
Visit: Corkus Castle,FALSE,,Territory,Location,00 17 00 79,Corkus Castle,,,FALSE,,
Visit: Fallen Factory,FALSE,,Territory,Location,00 17 00 7a,Fallen Factory,,,FALSE,,
Visit: Corkus City Mine,FALSE,,Territory,Location,00 17 00 7b,Corkus City Mine,,,FALSE,,
Visit: Ruined Houses,FALSE,,Territory,Location,00 17 00 7c,Ruined Houses,,,FALSE,,
Visit: Avos Temple,FALSE,,Territory,Location,00 17 00 7d,Avos Temple,,,FALSE,,
Visit: Bloody Beach,FALSE,,Territory,Location,00 17 00 7e,Bloody Beach,,,FALSE,,
Visit: Corkus Outskirts,FALSE,,Territory,Location,00 17 00 7f,Corkus Outskirts,,,FALSE,,
Visit: Frozen Fort,FALSE,,Territory,Location,00 17 00 80,Frozen Fort,,,FALSE,,
Visit: Sky Castle,FALSE,,Territory,Location,00 17 00 81,Sky Castle,,,FALSE,,
Visit: Kandon Ridge,FALSE,,Territory,Location,00 17 00 82,Kandon Ridge,,,FALSE,,
Visit: Old Coal Mine,FALSE,,Territory,Location,00 17 00 83,Old Coal Mine,,,FALSE,,
Visit: Dragonling Nests,FALSE,,Territory,Location,00 17 00 84,Dragonling Nests,,,FALSE,,
Visit: Astraulus' Tower,FALSE,,Territory,Location,00 17 00 85,Astraulus' Tower,,,FALSE,,
Visit: Molten Reach,FALSE,,Territory,Location,00 17 00 86,Molten Reach,,,FALSE,,
Visit: Ahmsord Outskirts,FALSE,,Territory,Location,00 17 00 87,Ahmsord Outskirts,,,FALSE,,
Visit: Swamp Island,FALSE,,Territory,Location,00 17 00 88,Swamp Island,,,FALSE,,
Visit: Angel Refuge,FALSE,,Territory,Location,00 17 00 89,Angel Refuge,,,FALSE,,
Visit: Wybel Island,FALSE,,Territory,Location,00 17 00 8a,Wybel Island,,,FALSE,,
Visit: Central Islands,FALSE,,Territory,Location,00 17 00 8b,Central Islands,,,FALSE,,
Visit: Sky Island Ascent,FALSE,,Territory,Location,00 17 00 8c,Sky Island Ascent,,,FALSE,,
Visit: Sky Falls,FALSE,,Territory,Location,00 17 00 8d,Sky Falls,,,FALSE,,
Visit: Jofash Tunnel,FALSE,,Territory,Location,00 17 00 8e,Jofash Tunnel,,,FALSE,,
Visit: Jofash Docks,FALSE,,Territory,Location,00 17 00 8f,Jofash Docks,,,FALSE,,
Visit: Santa's Hideout,FALSE,,Territory,Location,00 17 00 90,Santa's Hideout,,,FALSE,,
Visit: Regular Island,FALSE,,Territory,Location,00 17 00 93,Regular Island,,,FALSE,,
Visit: Royal Gate,FALSE,,Territory,Location,00 17 00 97,Royal Gate,,,FALSE,,
Visit: Southern Outpost,FALSE,,Territory,Location,00 17 00 9b,Southern Outpost,,,FALSE,,
Visit: Corkus Sea Cove,FALSE,,Territory,Location,00 17 00 9c,Corkus Sea Cove,,,FALSE,,
Visit: Worm Tunnel,FALSE,,Territory,Location,00 17 00 9d,Worm Tunnel,,,FALSE,,
Visit: Grey Ruins,FALSE,,Territory,Location,00 17 00 9e,Grey Ruins,,,FALSE,,
Visit: Forgotten Town,FALSE,,Territory,Location,00 17 00 9f,Forgotten Town,,,FALSE,,
Visit: Forest of Eyes,FALSE,,Territory,Location,00 17 00 a0,Forest of Eyes,,,FALSE,,
Visit: Sinister Forest,FALSE,,Territory,Location,00 17 00 a1,Sinister Forest,,,FALSE,,
Visit: Paths of Sludge,FALSE,,Territory,Location,00 17 00 a2,Paths of Sludge,,,FALSE,,
Visit: Toxic Drip,FALSE,,Territory,Location,00 17 00 a3,Toxic Drip,,,FALSE,,
Visit: Toxic Caves,FALSE,,Territory,Location,00 17 00 a4,Toxic Caves,,,FALSE,,
Visit: Gateway to Nothing,FALSE,,Territory,Location,00 17 00 a5,Gateway to Nothing,,,FALSE,,
Visit: Void Valley,FALSE,,Territory,Location,00 17 00 a6,Void Valley,,,FALSE,,
Visit: Final Step,FALSE,,Territory,Location,00 17 00 a7,Final Step,,,FALSE,,
Visit: Bizarre Passage,FALSE,,Territory,Location,00 17 00 a8,Bizarre Passage,,,FALSE,,
Visit: The Gate,FALSE,,Territory,Location,00 17 00 a9,The Gate,,,FALSE,,
Visit: The Hive,FALSE,,Territory,Location,00 17 00 d3,The Hive,,,FALSE,,
Visit: Timeworn Arch,FALSE,,Territory,Location,00 17 01 22,Timeworn Arch,,,FALSE,,
Visit: Secluded Ponds,FALSE,,Territory,Location,00 17 01 25,Secluded Ponds,,,FALSE,,
Visit: Path to Thanos,FALSE,,Territory,Location,00 17 01 26,Path to Thanos,,,FALSE,,
Visit: Kitrios Armory,FALSE,,Territory,Location,00 17 01 27,Kitrios Armory,,,FALSE,,
Visit: Kitrios Barracks,FALSE,,Territory,Location,00 17 01 28,Kitrios Barracks,,,FALSE,,
Visit: Colourful Mountaintop,FALSE,,Territory,Location,00 17 01 29,Colourful Mountaintop,,,FALSE,,
Visit: Upper Thanos,FALSE,,Territory,Location,00 17 01 2a,Upper Thanos,,,FALSE,,
Visit: Molten Passage,FALSE,,Territory,Location,00 17 01 2b,Molten Passage,,,FALSE,,
Visit: Path to Ozoth's Spire,FALSE,,Territory,Location,00 17 01 2c,Path to Ozoth's Spire,,,FALSE,,
Visit: Inhospitable Mountain,FALSE,,Territory,Location,00 17 01 2d,Inhospitable Mountain,,,FALSE,,
Visit: Bandit Cave,FALSE,,Territory,Location,00 17 01 2e,Bandit Cave,,,FALSE,,
Visit: Cascading Basins,FALSE,,Territory,Location,00 17 01 2f,Cascading Basins,,,FALSE,,
Visit: Cyclospordial Hazard,FALSE,,Territory,Location,00 17 01 30,Cyclospordial Hazard,,,FALSE,,
Visit: Winding Waters,FALSE,,Territory,Location,00 17 01 31,Winding Waters,,,FALSE,,
Visit: Panda Path,FALSE,,Territory,Location,00 17 01 32,Panda Path,,,FALSE,,
Visit: Panda Kingdom,FALSE,,Territory,Location,00 17 01 33,Panda Kingdom,,,FALSE,,
Visit: Parasitic Slime Mine,FALSE,,Territory,Location,00 17 01 34,Parasitic Slime Mine,,,FALSE,,
Visit: Turncoat Turnabout,FALSE,,Territory,Location,00 17 01 35,Turncoat Turnabout,,,FALSE,,
Visit: Wayward Split,FALSE,,Territory,Location,00 17 01 36,Wayward Split,,,FALSE,,
Visit: Perilous Passage,FALSE,,Territory,Location,00 17 01 37,Perilous Passage,,,FALSE,,
Visit: Perilous Grotto,FALSE,,Territory,Location,00 17 01 38,Perilous Grotto,,,FALSE,,
Visit: Thanos Underpass,FALSE,,Territory,Location,00 17 01 39,Thanos Underpass,,,FALSE,,
Visit: Canyon Walkway,FALSE,,Territory,Location,00 17 01 3a,Canyon Walkway,,,FALSE,,
Visit: Wizard's Warning,FALSE,,Territory,Location,00 17 01 3b,Wizard's Warning,,,FALSE,,
Visit: Harpy's Haunt North,FALSE,,Territory,Location,00 17 01 3c,Harpy's Haunt North,,,FALSE,,
Visit: Fleris Cranny,FALSE,,Territory,Location,00 17 01 3d,Fleris Cranny,,,FALSE,,
Visit: Troll Tower,FALSE,,Territory,Location,00 17 01 3e,Troll Tower,,,FALSE,,
Visit: Illuminant Path,FALSE,,Territory,Location,00 17 01 3f,Illuminant Path,,,FALSE,,
Visit: Bandit's Toll,FALSE,,Territory,Location,00 17 01 40,Bandit's Toll,,,FALSE,,
Visit: Wizard Tower,FALSE,,Territory,Location,00 17 01 41,Wizard Tower,,,FALSE,,
Visit: Rocky Bend,FALSE,,Territory,Location,00 17 01 42,Rocky Bend,,,FALSE,,
Visit: Housing Crisis,FALSE,,Territory,Location,00 17 01 43,Housing Crisis,,,FALSE,,
Visit: Featherfall Cliffs,FALSE,,Territory,Location,00 17 01 44,Featherfall Cliffs,,,FALSE,,
Visit: Elefolk Stomping Grounds,FALSE,,Territory,Location,00 17 01 45,Elefolk Stomping Grounds,,,FALSE,,
Visit: Path to the Dojo,FALSE,,Territory,Location,00 17 01 46,Path to the Dojo,,,FALSE,,
Visit: Wanderer's Way,FALSE,,Territory,Location,00 17 01 47,Wanderer's Way,,,FALSE,,
Visit: Workshop Glade,FALSE,,Territory,Location,00 17 01 48,Workshop Glade,,,FALSE,,
Visit: Bantisu Approach,FALSE,,Territory,Location,00 17 01 49,Bantisu Approach,,,FALSE,,
Visit: Bantisu Air Temple,FALSE,,Territory,Location,00 17 01 4a,Bantisu Air Temple,,,FALSE,,
Visit: Elephelk Trail,FALSE,,Territory,Location,00 17 01 4b,Elephelk Trail,,,FALSE,,
Visit: Protector's Pathway,FALSE,,Territory,Location,00 17 01 4c,Protector's Pathway,,,FALSE,,
Visit: Cliffside Passage South,FALSE,,Territory,Location,00 17 01 4d,Cliffside Passage South,,,FALSE,,
Visit: Thesead Underpass,FALSE,,Territory,Location,00 17 01 4e,Thesead Underpass,,,FALSE,,
Visit: Entrance to Thesead,FALSE,,Territory,Location,00 17 01 4f,Entrance to Thesead,,,FALSE,,
Visit: Displaced Housing,FALSE,,Territory,Location,00 17 01 50,Displaced Housing,,,FALSE,,
Visit: Cherry Blossom Grove,FALSE,,Territory,Location,00 17 01 51,Cherry Blossom Grove,,,FALSE,,
Visit: Entrance to Molten Heights,FALSE,,Territory,Location,00 17 01 52,Entrance to Molten Heights,,,FALSE,,
Visit: Freezing Heights,FALSE,,Territory,Location,00 17 01 54,Freezing Heights,,,FALSE,,
Visit: Lava Lakes,FALSE,,Territory,Location,00 17 01 55,Lava Lakes,,,FALSE,,
Visit: Dragonbone Graveyard,FALSE,,Territory,Location,00 17 01 56,Dragonbone Graveyard,,,FALSE,,
Visit: Corkus City Crossroads,FALSE,,Territory,Location,00 17 01 5a,Corkus City Crossroads,,,FALSE,,
Visit: Road to Mine,FALSE,,Territory,Location,00 17 01 5b,Road to Mine,,,FALSE,,
Visit: Industrial Clearing,FALSE,,Territory,Location,00 17 01 5c,Industrial Clearing,,,FALSE,,
Visit: Corkus Forest,FALSE,,Territory,Location,00 17 01 5d,Corkus Forest,,,FALSE,,
Visit: Picnic Pond,FALSE,,Territory,Location,00 17 01 5e,Picnic Pond,,,FALSE,,
Visit: Avos Territory,FALSE,,Territory,Location,00 17 01 5f,Avos Territory,,,FALSE,,
Visit: Overrun Docks,FALSE,,Territory,Location,00 17 01 60,Overrun Docks,,,FALSE,,
Visit: Retrofitted Manufactory,FALSE,,Territory,Location,00 17 01 61,Retrofitted Manufactory,,,FALSE,,
Visit: Founder's Statue,FALSE,,Territory,Location,00 17 01 62,Founder's Statue,,,FALSE,,
Visit: Path to Ahmsord,FALSE,,Territory,Location,00 17 01 63,Path to Ahmsord,,,FALSE,,
Visit: Aerial Descent,FALSE,,Territory,Location,00 17 01 64,Aerial Descent,,,FALSE,,
Visit: Raiders' Stronghold,FALSE,,Territory,Location,00 17 01 65,Raiders' Stronghold,,,FALSE,,
Visit: Raiders' Airbase,FALSE,,Territory,Location,00 17 01 66,Raiders' Airbase,,,FALSE,,
Visit: Lighthouse Lookout,FALSE,,Territory,Location,00 17 01 67,Lighthouse Lookout,,,FALSE,,
Visit: Balloon Airbase,FALSE,,Territory,Location,00 17 01 69,Balloon Airbase,,,FALSE,,
Visit: Broken Road,FALSE,,Territory,Location,00 17 01 6a,Broken Road,,,FALSE,,
Visit: Troll's Challenge,FALSE,,Territory,Location,00 17 01 6e,Troll's Challenge,,,FALSE,,
Visit: Harpy's Haunt South,FALSE,,Territory,Location,00 17 01 6f,Harpy's Haunt South,,,FALSE,,
Visit: Hobgoblin's Hoard,FALSE,,Territory,Location,00 17 01 70,Hobgoblin's Hoard,,,FALSE,,
Visit: Pyroclastic Flow,FALSE,,Territory,Location,00 17 01 71,Pyroclastic Flow,,,FALSE,,
Visit: Ava's Workshop,FALSE,,Territory,Location,00 17 01 72,Ava's Workshop,,,FALSE,,
Visit: Wellspring of Eternity,FALSE,,Territory,Location,00 17 01 73,Wellspring of Eternity,,,FALSE,,
Visit: Fort Torann,FALSE,,Territory,Location,00 17 01 74,Fort Torann,,,FALSE,,
Visit: Xima Valley,FALSE,,Territory,Location,00 17 01 75,Xima Valley,,,FALSE,,
Visit: The Frog Bog,FALSE,,Territory,Location,00 17 01 76,The Frog Bog,,,FALSE,,
Visit: Forts in Fall,FALSE,,Territory,Location,00 17 01 77,Forts in Fall,,,FALSE,,
Visit: Royal Dam,FALSE,,Territory,Location,00 17 01 78,Royal Dam,,,FALSE,,
Visit: Festival Grounds,FALSE,,Territory,Location,00 17 01 79,Festival Grounds,,,FALSE,,
Visit: The Lumbermill,FALSE,,Territory,Location,00 17 01 7a,The Lumbermill,,,FALSE,,
Visit: Residence Sector,FALSE,,Territory,Location,00 17 01 7b,Residence Sector,,,FALSE,,
Visit: Agricultural Sector,FALSE,,Territory,Location,00 17 01 7c,Agricultural Sector,,,FALSE,,
Visit: Water Processing Sector,FALSE,,Territory,Location,00 17 01 7d,Water Processing Sector,,,FALSE,,
Visit: Industrial Sector,FALSE,,Territory,Location,00 17 01 7e,Industrial Sector,,,FALSE,,
Visit: Highlands Gate,FALSE,,Territory,Location,00 17 01 7f,Highlands Gate,,,FALSE,,
Visit: Alder Understory,FALSE,,Territory,Location,00 17 01 80,Alder Understory,,,FALSE,,
Visit: Verdant Grove,FALSE,,Territory,Location,00 17 01 81,Verdant Grove,,,FALSE,,
Visit: Fort Hegea,FALSE,,Territory,Location,00 17 01 82,Fort Hegea,,,FALSE,,
Visit: Deforested Ecotone,FALSE,,Territory,Location,00 17 01 83,Deforested Ecotone,,,FALSE,,
Visit: Citadel's Shadow,FALSE,,Territory,Location,00 17 01 84,Citadel's Shadow,,,FALSE,,
Visit: Lake Gitephe,FALSE,,Territory,Location,00 17 01 85,Lake Gitephe,,,FALSE,,
Visit: Fort Tericen,FALSE,,Territory,Location,00 17 01 86,Fort Tericen,,,FALSE,,
Visit: Lake Rieke,FALSE,,Territory,Location,00 17 01 87,Lake Rieke,,,FALSE,,
Visit: Frosty Outpost,FALSE,,Territory,Location,00 17 01 88,Frosty Outpost,,,FALSE,,
Visit: Feuding Houses,FALSE,,Territory,Location,00 17 01 89,Feuding Houses,,,FALSE,,
Visit: Royal Barracks,FALSE,,Territory,Location,00 17 01 8a,Royal Barracks,,,FALSE,,
Visit: Gates to Aelumia,FALSE,,Territory,Location,00 17 01 8b,Gates to Aelumia,,,FALSE,,
Visit: University Campus,FALSE,,Territory,Location,00 17 01 8c,University Campus,,,FALSE,,
Visit: Thanos,FALSE,,Territory,Location,00 17 01 a6,Thanos,,,FALSE,,
Visit: Thesead,FALSE,,Territory,Location,00 17 01 a7,Thesead,,,FALSE,,
Visit: Eltom,FALSE,,Territory,Location,00 17 01 a8,Eltom,,,FALSE,,
Visit: Ahmsord,FALSE,,Territory,Location,00 17 01 a9,Ahmsord,,,FALSE,,
Visit: Corkus City,FALSE,,Territory,Location,00 17 01 aa,Corkus City,,,FALSE,,
Visit: Legendary Island,FALSE,,Territory,Location,00 17 01 ab,Legendary Island,,,FALSE,,
Visit: Rodoroc,FALSE,,Territory,Location,00 17 01 ac,Rodoroc,,,FALSE,,
Visit: Lutho,FALSE,,Territory,Location,00 17 01 ad,Lutho,,,FALSE,,
Visit: Relos,FALSE,,Territory,Location,00 17 01 af,Relos,,,FALSE,,
Visit: Espren,FALSE,,Territory,Location,00 17 01 b0,Espren,,,FALSE,,
Visit: Timasca,FALSE,,Territory,Location,00 17 01 b1,Timasca,,,FALSE,,
Visit: Aldwell,FALSE,,Territory,Location,00 17 01 b2,Aldwell,,,FALSE,,
Visit: Hyloch,FALSE,,Territory,Location,00 17 01 b3,Hyloch,,,FALSE,,
Visit: Contested District,FALSE,,Territory,Location,00 17 01 b4,Contested District,,,FALSE,,
Visit: Kandon-Beda,FALSE,,Territory,Location,00 17 01 b5,Kandon-Beda,,,FALSE,,
Visit: Dogun Ritual Site,FALSE,,Territory,Location,00 17 01 b6,Dogun Ritual Site,,,FALSE,,